task_id,action,action_name,success,delay_s,energy_j,deadline_window_s,deadline_tightness,cpu_cycles,data_size_kb,priority,queue_delay_s
750,0,local,False,1.504520105,0.15045201049999998,0.6792369494796731,2.2150151079862956,1504520105,1755,3,0.0
750,1,edge_25,False,1.15839007875,0.1177083591920248,0.6792369494796731,1.7054285395359905,1504520105,1755,3,0.0
750,2,edge_50,False,0.7822600525000001,0.08455797653020924,0.6792369494796731,1.1516747625394164,1504520105,1755,3,0.0
750,3,edge_75,True,0.6232550061905294,0.05214298603276467,0.6792369494796731,0.9175811278641005,1504520105,1755,3,0.0
750,4,edge_100,False,0.8014371392626036,0.019338543381301795,0.6792369494796731,1.1799080422178763,1504520105,1755,3,0.0
750,5,cloud,False,0.6880499664624394,0.01857297273121971,0.6792369494796731,1.0129748786333217,1504520105,1755,3,0.0
751,0,local,False,1.324775619,0.13247756189999998,0.8463949420838617,1.5651979390830761,1324775619,2893,3,0.0
751,1,edge_25,False,1.0235817142499999,0.10676965590759374,0.8463949420838617,1.2093429005257246,1324775619,2893,3,0.0
751,2,edge_50,True,0.6923878095,0.08110806759861298,0.8463949420838617,0.8180434157549555,1324775619,2893,3,0.0
751,3,edge_75,True,0.5717537800605144,0.05560085194275716,0.8463949420838617,0.6755165368224334,1324775619,2893,3,0.0
751,4,edge_100,True,0.7325586014341325,0.029835395967066275,0.8463949420838617,0.8655044648902803,1324775619,2893,3,0.0
751,5,cloud,True,0.6747044757179086,0.02987467595895431,0.8463949420838617,0.7971508833178473,1324775619,2893,3,0.0
752,0,local,True,0.04,0.003999999999999999,0.11999999999534339,0.33333333334626836,40000000,106,0,0.0
752,1,edge_25,True,0.041736704,0.0033589089444174356,0.11999999999534339,0.34780586668016333,40000000,106,0,0.0
752,2,edge_50,True,0.031736704000000004,0.002684907431472711,0.11999999999534339,0.26447253334359627,40000000,106,0,0.0
752,3,edge_75,True,0.028843310322561346,0.0020533031612806722,0.11999999999534339,0.2403609193640051,40000000,106,0,0.0
752,4,edge_100,True,0.026929525628913823,0.0014108396144569112,0.11999999999534339,0.22441271358299023,40000000,106,0,0.0
752,5,cloud,False,0.36081103389664615,0.0014055169483230782,0.11999999999534339,3.0067586159220623,40000000,106,0,0.0
753,0,local,False,1.486384117,0.14863841169999997,0.6730209527595434,2.2085257686339146,1486384117,2271,3,0.0
753,1,edge_25,False,1.14478808775,0.11855056314500828,0.6730209527595434,1.7009694617323592,1486384117,2271,3,0.0
753,2,edge_50,False,0.7731920585000001,0.0885001863629991,0.6730209527595434,1.1488380195738805,1486384117,2271,3,0.0
753,3,edge_75,True,0.6320802837255288,0.05950272285026439,0.6730209527595434,0.9391688046766623,1486384117,2271,3,0.0
753,4,edge_100,False,0.810919694911926,0.02861381820596297,0.6730209527595434,1.2048951694400678,1486384117,2271,3,0.0
753,5,cloud,False,0.7046025438216241,0.028662860210812047,0.6730209527595434,1.0469251231073695,1486384117,2271,3,0.0
754,0,local,False,3.219909021,0.3219909021,1.1623055039090104,2.7702777025239538,3219909021,2662,3,0.0
754,1,edge_25,False,2.44493176575,0.2478969526195688,1.1623055039090104,2.103519046866183,3219909021,2662,3,0.0
754,2,edge_50,False,1.6399545105,0.17390834513100897,1.1623055039090104,1.4109496212351944,3219909021,2662,3,0.0
754,3,edge_75,False,1.276437879252473,0.09998372371373655,1.1623055039090104,1.098194816216234,3219909021,2662,3,0.0
754,4,edge_100,False,1.6725777764331209,0.026061632966560454,1.1623055039090104,1.4390173416610237,3219909021,2662,3,0.0
754,5,cloud,True,1.0454614863499976,0.025739841074998764,1.1623055039090104,0.8994721980012582,3219909021,2662,3,0.0
755,0,local,False,1.061160789,0.1061160789,0.6186733829090372,1.7152197238716853,1061160789,1031,1,0.0
755,1,edge_25,False,0.8227624957499999,0.08271910375954143,0.6186733829090372,1.3298818382671067,1061160789,1031,1,0.0
755,2,edge_50,True,0.5574722985,0.05936846688876024,0.6186733829090372,0.9010769072991855,1061160789,1031,1,0.0
755,3,edge_75,True,0.44276169298584644,0.035496266280423225,0.6186733829090372,0.7156630707207023,1061160789,1031,1,0.0
755,4,edge_100,True,0.5649225584275286,0.01246499876376427,0.6186733829090372,0.913119222571417,1061160789,1031,1,0.0
755,5,cloud,True,0.5873463631225208,0.012557102661260392,0.6186733829090372,0.9493642030642808,1061160789,1031,1,0.0
756,0,local,False,1.528618323,0.15286183229999997,0.6064822943590116,2.520466528401443,1528618323,2271,3,0.0
756,1,edge_25,False,1.17646374225,0.1200933086264602,0.6064822943590116,1.9398154788564754,1528618323,2271,3,0.0
756,2,edge_50,False,0.7943091615,0.08715409913646671,0.6064822943590116,1.3096988467561148,1528618323,2271,3,0.0
756,3,edge_75,False,0.6360957123998835,0.054647378712441755,0.6064822943590116,1.0488281658282708,1528618323,2271,3,0.0
756,4,edge_100,False,0.8190399934656448,0.022115415982822455,0.6064822943590116,1.3504763470981203,1528618323,2271,3,0.0
756,5,cloud,False,0.6995112873357522,0.0218938113678761,0.6064822943590116,1.153391111071202,1528618323,2271,3,0.0
757,0,local,False,1.137588525,0.1137588525,0.7460781228146516,1.5247579177209187,1137588525,1031,0,0.0
757,1,edge_25,False,0.8966208678631755,0.08712154899719551,0.7460781228146516,1.2017787956046573,1137588525,1031,0,0.0
757,2,edge_50,True,0.6122237366131755,0.06052903541486628,0.7460781228146516,0.8205893161744275,1137588525,1031,0,0.0
757,3,edge_75,True,0.48083522037848925,0.033844737820156866,0.7460781228146516,0.644483741949827,1137588525,1031,0,0.0
757,4,edge_100,True,0.5984698476794239,0.0072376346199062485,0.7460781228146516,0.8021543982842424,1137588525,1031,0,0.0
757,5,cloud,True,0.5923091823706287,0.007395738685314333,0.7460781228146516,0.793896998528901,1137588525,1031,0,0.0
758,0,local,False,1.47824548,0.147824548,0.6793835213466082,2.175863019270713,1478245480,2271,3,0.0
758,1,edge_25,False,1.13868411,0.11755007321747281,0.6793835213466082,1.6760549442574213,1478245480,2271,3,0.0
758,2,edge_50,False,0.76912274,0.08720182139600488,0.6793835213466082,1.1320891894397431,1478245480,2271,3,0.0
758,3,edge_75,True,0.6242181071561597,0.05689416307807982,0.6793835213466082,0.9188007767967274,1478245480,2271,3,0.0
758,4,edge_100,False,0.8006034240084126,0.025490342004206325,0.6793835213466082,1.178426321588628,1478245480,2271,3,0.0
758,5,cloud,False,0.6983744731447621,0.026362688572381044,0.6793835213466082,1.0279532122894472,1478245480,2271,3,0.0
759,0,local,False,1.092477064,0.10924770639999999,0.49570029266760685,2.2039064333023575,1092477064,646,2,0.0
759,1,edge_25,False,0.854286670888972,0.08310605288701918,0.49570029266760685,1.7233935172634975,1092477064,646,2,0.0
759,2,edge_50,False,0.5811674048889721,0.056944302105520685,0.49570029266760685,1.1724169089379084,1092477064,646,2,0.0
759,3,edge_75,True,0.45161495380176975,0.030815517556398844,0.49570029266760685,0.9110645292771723,1092477064,646,2,0.0
759,4,edge_100,False,0.5678172877804506,0.0046768251346551515,0.49570029266760685,1.1454850767280098,1092477064,646,2,0.0
759,5,cloud,False,0.577935979686617,0.004720283443308527,0.49570029266760685,1.1658979997297552,1092477064,646,2,0.0
760,0,local,True,0.081717239,0.008171723899999999,0.11999999999534339,0.680976991693092,81717239,106,0,0.0
760,1,edge_25,True,0.07302463325,0.006461861120811706,0.11999999999534339,0.608538610440281,81717239,106,0,0.0
760,2,edge_50,True,0.0525953235,0.004771439364942424,0.11999999999534339,0.43829436251700804,81717239,106,0,0.0
760,3,edge_75,True,0.044392496549384416,0.0030488449371922064,0.11999999999534339,0.3699374712592256,81717239,106,0,0.0
760,4,edge_100,True,0.04773948795670199,0.0013865110283509978,0.11999999999534339,0.3978290663212877,81717239,106,0,0.0
760,5,cloud,False,0.36914557887498994,0.0014010655374949621,0.11999999999534339,3.0762131574109555,81717239,106,0,0.0
761,0,local,False,4.301808162,0.4301808162,1.714084878884023,2.5096821137590033,4301808162,2893,3,0.0
761,1,edge_25,False,3.2563561214999996,0.3309933705533226,1.714084878884023,1.8997636357541945,4301808162,2893,3,0.0
761,2,edge_50,False,2.180904081,0.23159328198135787,1.714084878884023,1.2723431073144438,4301808162,2893,3,0.0
761,3,edge_75,True,1.6936619242178155,0.13278713578390774,1.714084878884023,0.9880852139133832,4301808162,2893,3,0.0
761,4,edge_100,False,2.2282195206737416,0.03340771983687065,1.714084878884023,1.2999470143651535,4301808162,2893,3,0.0
761,5,cloud,True,1.2772221004336575,0.03343023401682876,1.714084878884023,0.745133520613757,4301808162,2893,3,0.0
762,0,local,False,1.49033982,0.14903398199999998,0.7327766660309862,2.03382543288705,1490339820,1755,3,0.0
762,1,edge_25,False,1.1642924351131756,0.11490907033649614,0.7327766660309862,1.5888776063509946,1490339820,1755,3,0.0
762,2,edge_50,False,0.7917074801131756,0.08077136514756861,0.7327766660309862,1.0804212481292321,1490339820,1755,3,0.0
762,3,edge_75,True,0.6242928048463781,0.0466973966166013,0.7327766660309862,0.8519550823415264,1490339820,1755,3,0.0
762,4,edge_100,False,0.7866245540190547,0.012583247239721625,0.7327766660309862,1.0734847198120137,1490339820,1755,3,0.0
762,5,cloud,True,0.673030385986467,0.012481210993233514,0.7327766660309862,0.9184659080806583,1490339820,1755,3,0.0
763,0,local,True,0.04,0.003999999999999999,0.11999999999534339,0.33333333334626836,40000000,49,0,0.0
763,1,edge_25,True,0.040802816,0.003126769681759824,0.11999999999534339,0.34002346667986133,40000000,49,0,0.0
763,2,edge_50,True,0.030802816,0.0022460122975545816,0.11999999999534339,0.2566901333432942,40000000,49,0,0.0
763,3,edge_75,True,0.026556167141551616,0.0013766755707758085,0.11999999999534339,0.2213013928548511,40000000,49,0,0.0
763,4,edge_100,True,0.024797103544438866,0.0005080589722194331,0.11999999999534339,0.20664252954500933,40000000,49,0,0.0
763,5,cloud,False,0.3589717959371635,0.0004858979685817581,0.11999999999534339,2.9914316329257784,40000000,49,0,0.0
764,0,local,False,1.309793334,0.13097933339999998,0.6563305250601843,1.9956306830006032,1309793334,2893,3,0.0
764,1,edge_25,False,1.0296301175659794,0.10336464592928063,0.6563305250601843,1.5687676837391713,1309793334,2893,3,0.0
764,2,edge_50,False,0.7021817840659796,0.07545882789311215,0.6563305250601843,1.0698600129890208,1309793334,2893,3,0.0
764,3,edge_75,True,0.5692041668477794,0.048118108115899894,0.6563305250601843,0.8672523143664306,1309793334,2893,3,0.0
764,4,edge_100,False,0.7124065023510066,0.020480022188956816,0.6563305250601843,1.085438624518767,1309793334,2893,3,0.0
764,5,cloud,True,0.6525188655510312,0.02028009937551558,0.6563305250601843,0.994192469550607,1309793334,2893,3,0.0
765,0,local,False,1.622384249,0.16223842489999998,0.9640229079232085,1.6829312204780456,1622384249,2662,3,0.0
765,1,edge_25,False,1.24678818675,0.12902402079107927,0.9640229079232085,1.2933180078012376,1622384249,2662,3,0.0
765,2,edge_50,True,0.8411921245,0.09583353767159127,0.9640229079232085,0.8725852026817262,1622384249,2662,3,0.0
765,3,edge_75,True,0.6830427581005649,0.06288393858778249,0.9640229079232085,0.7085337417676534,1622384249,2662,3,0.0
765,4,edge_100,True,0.881320994261486,0.02981443488074303,0.9640229079232085,0.9142116717538518,1622384249,2662,3,0.0
765,5,cloud,True,0.7346134510813447,0.03006830064067238,0.9640229079232085,0.7620290400193084,1622384249,2662,3,0.0
766,0,local,False,0.66902041,0.066902041,0.47350434635882266,1.4129129228583994,669020410,1031,1,0.0
766,1,edge_25,False,0.5286572115,0.052642771646468696,0.47350434635882266,1.116478054668969,669020410,1031,1,0.0
766,2,edge_50,True,0.361402109,0.03850021324109404,0.47350434635882266,0.7632498239543691,669020410,1031,1,0.0
766,3,edge_75,True,0.2924842033603084,0.02408033305515417,0.47350434635882266,0.6177012008642963,669020410,1031,1,0.0
766,4,edge_100,True,0.3639972588041678,0.010037443702083903,0.47350434635882266,0.7687305546469679,669020410,1031,1,0.0
766,5,cloud,False,0.5039924272281779,0.010094172614088983,0.47350434635882266,1.0643881753225795,669020410,1031,1,0.0
767,0,local,True,0.083741132,0.0083741132,0.11999999999534339,0.6978427666937465,83741132,106,0,0.0
767,1,edge_25,True,0.09378579510049881,0.006460163857692871,0.11999999999534339,0.7815482925344848,83741132,106,0,0.0
767,2,edge_50,True,0.07285051210049881,0.004543083022177715,0.11999999999534339,0.6070876008610482,83741132,106,0,0.0
767,3,edge_75,True,0.06344937632966516,0.00262678116458318,0.11999999999534339,0.5287448027677276,83741132,106,0,0.0
767,4,edge_100,True,0.05416250747681538,0.0007244801708203986,0.11999999999534339,0.4513542289909763,83741132,106,0,0.0
767,5,cloud,False,0.36819531551125706,0.0007235445556285329,0.11999999999534339,3.068294296046208,83741132,106,0,0.0
768,0,local,True,0.082682576,0.008268257599999999,0.11999999999534339,0.6890214666934041,82682576,106,0,0.0
768,1,edge_25,True,0.073748636,0.00647272178993964,0.11999999999534339,0.6145719666905153,82682576,106,0,0.0
768,2,edge_50,True,0.053077992,0.004671778950491858,0.11999999999534339,0.4423166000171641,82682576,106,0,0.0
768,3,edge_75,True,0.04432625926244061,0.0028588590312203063,0.11999999999534339,0.3693854938680058,82682576,106,0,0.0
768,4,edge_100,True,0.04759136397182803,0.0010711147859140205,0.11999999999534339,0.3965946997806235,82682576,106,0,0.0
768,5,cloud,False,0.36866539619726346,0.0010644404986317468,0.11999999999534339,3.072211635096413,82682576,106,0,0.0
769,0,local,False,1.123457517,0.1123457517,0.770156343904091,1.4587395480052117,1123457517,1031,0,0.0
769,1,edge_25,False,0.86948504175,0.08720166208007672,0.770156343904091,1.1289721218712425,1123457517,1031,0,0.0
769,2,edge_50,True,0.5886206625,0.06193868041625272,0.770156343904091,0.7642872348699395,1123457517,1031,0,0.0
769,3,edge_75,True,0.46554297419204627,0.03676368858352313,0.770156343904091,0.6044785294270343,1123457517,1031,0,0.0
769,4,edge_100,True,0.5950360966760251,0.01194758588801252,0.770156343904091,0.7726172762009035,1123457517,1031,0,0.0
769,5,cloud,True,0.597670077235658,0.011489286917829036,0.770156343904091,0.7760373357517742,1123457517,1031,0,0.0
770,0,local,False,3.079188606,0.30791886059999996,1.2303157621063292,2.502762868556896,3079188606,2271,3,0.0
770,1,edge_25,False,2.3393914545,0.24313451710783934,1.2303157621063292,1.9014561355329687,3079188606,2271,3,0.0
770,2,edge_50,False,1.5695943030000001,0.17683549202375803,1.2303157621063292,1.2757654183937448,3079188606,2271,3,0.0
770,3,edge_75,False,1.25512741241589,0.11219555773294494,1.2303157621063292,1.0201668962340877,3079188606,2271,3,0.0
770,4,edge_100,False,1.6453629792068225,0.04763433810341118,1.2303157621063292,1.3373501582958855,3079188606,2271,3,0.0
770,5,cloud,True,1.0583551725354925,0.046258725667746234,1.2303157621063292,0.8602305238482548,3079188606,2271,3,0.0
771,0,local,False,3.568495524,0.3568495524,1.1922449994308408,2.9930891097916485,3568495524,2662,3,0.0
771,1,edge_25,False,2.7219992954631316,0.27243841365309784,1.1922449994308408,2.283087198321294,3568495524,2662,3,0.0
771,2,edge_50,False,1.8298754144631313,0.1878245957345128,1.1922449994308408,1.534814920873382,3568495524,2662,3,0.0
771,3,edge_75,False,1.41265782350004,0.10363456286845425,1.1922449994308408,1.1848720893561482,3568495524,2662,3,0.0
771,4,edge_100,False,1.8388225534570155,0.0193025565474598,1.1922449994308408,1.5423193675249975,3568495524,2662,3,0.0
771,5,cloud,True,1.1018439303661351,0.01907241278306758,1.1922449994308408,0.9241757616028067,3568495524,2662,3,0.0
772,0,local,False,1.569136258,0.15691362579999998,0.6323169947427232,2.4815658460017342,1569136258,2271,3,0.0
772,1,edge_25,False,1.2068521935,0.13143079375108568,0.6323169947427232,1.9086189419771067,1569136258,2271,3,0.0
772,2,edge_50,False,0.814568129,0.10477481491509312,0.6323169947427232,1.288227480476673,1569136258,2271,3,0.0
772,3,edge_75,False,0.7015798678067942,0.08080529197839703,0.6323169947427232,1.109538212067592,1569136258,2271,3,0.0
772,4,edge_100,False,0.9079268697998379,0.05642937039991905,0.6323169947427232,1.435872951934899,1569136258,2271,3,0.0
772,5,cloud,False,0.7704391489457526,0.05330594867287631,0.6323169947427232,1.2184381494589254,1569136258,2271,3,0.0
773,0,local,True,0.05548541,0.005548541,0.11999999999534339,0.46237841668460933,55485410,106,0,0.0
773,1,edge_25,True,0.0533507615,0.004451574364965986,0.11999999999534339,0.44458967918391906,55485410,106,0,0.0
773,2,edge_50,True,0.039479409,0.0033493187310075674,0.11999999999534339,0.3289950750127667,55485410,106,0,0.0
773,3,edge_75,True,0.03427387808526096,0.00225220791763048,0.11999999999534339,0.28561565072159134,55485410,106,0,0.0
773,4,edge_100,True,0.03412304390747936,0.0011362462537396825,0.11999999999534339,0.28435869924002927,55485410,106,0,0.0
773,5,cloud,False,0.36336645869816003,0.0011346883490800245,0.11999999999534339,3.0280538226021707,55485410,106,0,0.0
774,0,local,True,0.089260605,0.0089260605,0.11999999999534339,0.7438383750288647,89260605,106,0,0.0
774,1,edge_25,True,0.07868215775,0.006999399594579234,0.11999999999534339,0.6556846479421106,89260605,106,0,0.0
774,2,edge_50,True,0.056367006500000004,0.0050574606595333565,0.11999999999534339,0.4697250541848944,89260605,106,0,0.0
774,3,edge_75,True,0.04697215652589038,0.0031128779504451904,0.11999999999534339,0.39143463773094284,89260605,106,0,0.0
774,4,edge_100,True,0.051181622620672496,0.0012217368603362464,0.11999999999534339,0.42651352185548835,89260605,106,0,0.0
774,5,cloud,False,0.37031067571584797,0.0012292773579239895,0.11999999999534339,3.085922297751816,89260605,106,0,0.0
775,0,local,False,1.019707946,0.10197079459999998,0.4479277041973546,2.276501177410366,1019707946,646,2,0.0
775,1,edge_25,False,0.7980082791130353,0.07769688504664177,0.4479277041973546,1.7815559779741532,1019707946,646,2,0.0
775,2,edge_50,False,0.5430812926130353,0.05334396486863592,0.4479277041973546,1.2124306836215617,1019707946,646,2,0.0
775,3,edge_75,True,0.4228940242652722,0.029130811101118485,0.4479277041973546,0.9441122312875456,1019707946,646,2,0.0
775,4,edge_100,False,0.5311540541513622,0.004835259643399945,0.4479277041973546,1.1858030864671378,1019707946,646,2,0.0
775,5,cloud,False,0.5635310416975811,0.004794726248790531,0.4479277041973546,1.2580848123859119,1019707946,646,2,0.0
776,0,local,False,1.228342306,0.12283423059999998,0.5667486673046369,2.16734926231374,1228342306,2271,3,0.0
776,1,edge_25,False,0.9512567295000001,0.0991650760124623,0.5667486673046369,1.6784454633550707,1228342306,2271,3,0.0
776,2,edge_50,False,0.644171153,0.07510077459983504,0.5667486673046369,1.1366081477766357,1228342306,2271,3,0.0
776,3,edge_75,True,0.5320732055093603,0.051430978029680156,0.5667486673046369,0.9388168622253893,1228342306,2271,3,0.0
776,4,edge_100,False,0.6799073890076593,0.02761811800382966,0.5667486673046369,1.1996629691979457,1228342306,2271,3,0.0
776,5,cloud,False,0.6520402814457118,0.02818591012285593,0.5667486673046369,1.1504928358221074,1228342306,2271,3,0.0
777,0,local,False,1.250141017,0.1250141017,0.5961585237237159,2.0969942846600413,1250141017,2662,3,0.0
777,1,edge_25,False,0.96760576275,0.10140710238564205,0.5961585237237159,1.6230678992999314,1250141017,2662,3,0.0
777,2,edge_50,False,0.6550705085,0.07746838619451894,0.5961585237237159,1.0988193281349212,1250141017,2662,3,0.0
777,3,edge_75,True,0.5449286462911526,0.05431640788307626,0.5961585237237159,0.9140666863025423,1250141017,2662,3,0.0
777,4,edge_100,False,0.6948129674858683,0.02962122949293419,0.5961585237237159,1.1654835749826045,1250141017,2662,3,0.0
777,5,cloud,False,0.6600133667650484,0.02999258168252421,0.5961585237237159,1.1071105092022897,1250141017,2662,3,0.0
778,0,local,True,0.068141952,0.0068141951999999995,0.11999999999534339,0.5678496000220355,68141952,106,0,0.0
778,1,edge_25,True,0.062843168,0.005431424573744249,0.11999999999534339,0.5236930666869887,68141952,106,0,0.0
778,2,edge_50,True,0.04580768,0.004064529093796995,0.11999999999534339,0.3817306666814798,68141952,106,0,0.0
778,3,edge_75,True,0.03924920907664891,0.002683185338324455,0.11999999999534339,0.32707674231809986,68141952,106,0,0.0
778,4,edge_100,True,0.04080089713056659,0.0013110373652832914,0.11999999999534339,0.34000747610124893,68141952,106,0,0.0
778,5,cloud,False,0.3662776308023109,0.0013246202011554444,0.11999999999534339,3.052313590137703,68141952,106,0,0.0
779,0,local,False,1.051995449,0.1051995449,0.5329760567983612,1.9738137118568488,1051995449,646,1,0.0
779,1,edge_25,False,0.80958065075,0.08049982133760883,0.5329760567983612,1.518981275844227,1051995449,646,1,0.0
779,2,edge_50,False,0.5465817885,0.055872720134886186,0.5329760567983612,1.025527847880015,1051995449,646,1,0.0
779,3,edge_75,True,0.4250022749213726,0.03125984499818629,0.5329760567983612,0.7974134475653605,1051995449,646,1,0.0
779,4,edge_100,False,0.5464527827551611,0.006625317927580525,0.5329760567983612,1.0252857999621143,1051995449,646,1,0.0
779,5,cloud,False,0.5734851234216987,0.006543016810849369,0.5329760567983612,1.0760054154527678,1051995449,646,1,0.0
780,0,local,False,0.787262112,0.0787262112,0.42732101495494135,1.842320139773637,787262112,646,1,0.0
780,1,edge_25,False,0.6110306480000001,0.06068472949531299,0.42732101495494135,1.4299101298924648,787262112,646,1,0.0
780,2,edge_50,True,0.41421512,0.04270179872499352,0.42732101495494135,0.9693300949490553,787262112,646,1,0.0
780,3,edge_75,True,0.32563943657078737,0.02459759308539366,0.42732101495494135,0.7620487295835995,787262112,646,1,0.0
780,4,edge_100,True,0.4137699410207124,0.0064672313103562055,0.42732101495494135,0.9682883044362847,787262112,646,1,0.0
780,5,cloud,False,0.52074714525908,0.006647361429539974,0.42732101495494135,1.2186321922735064,787262112,646,1,0.0
781,0,local,False,0.984311378,0.09843113779999998,0.4897740608721506,2.0097254155257156,984311378,355,0,0.0
781,1,edge_25,False,0.7540498535,0.07471974406189112,0.4897740608721506,1.5395871560801895,984311378,355,0,0.0
781,2,edge_50,False,0.5079720090000001,0.05108410243568693,0.4897740608721506,1.0371558021987608,984311378,355,0,0.0
781,3,edge_75,True,0.39033461557156496,0.02730854886078248,0.4897740608721506,0.7969687387618859,984311378,355,0,0.0
781,4,edge_100,False,0.5049554059743243,0.0036320024871621752,0.4897740608721506,1.0309966294971604,984311378,355,0,0.0
781,5,cloud,False,0.5542124359314219,0.003675080165710945,0.4897740608721506,1.1315675537094074,984311378,355,0,0.0
782,0,local,True,0.092716412,0.0092716412,0.11999999999534339,0.7726367666966489,92716412,106,0,0.0
782,1,edge_25,True,0.081274013,0.007253086075446494,0.11999999999534339,0.6772834416929487,92716412,106,0,0.0
782,2,edge_50,True,0.05809491,0.005236570491049772,0.11999999999534339,0.4841242500187865,92716412,106,0,0.0
782,3,edge_75,True,0.04828741235830685,0.0032089372291534235,0.11999999999534339,0.40239510300150544,92716412,106,0,0.0
782,4,edge_100,True,0.05287568647398505,0.001204817036992528,0.11999999999534339,0.44063072063364084,92716412,106,0,0.0
782,5,cloud,False,0.3708978621038078,0.0011772898519039172,0.11999999999534339,3.0908155176516714,92716412,106,0,0.0
783,0,local,True,0.04,0.003999999999999999,0.11999999999534339,0.33333333334626836,40000000,106,0,0.0
783,1,edge_25,True,0.041736704,0.0033304161284889175,0.11999999999534339,0.34780586668016333,40000000,106,0,0.0
783,2,edge_50,True,0.031736704000000004,0.002649089407089215,0.11999999999534339,0.26447253334359627,40000000,106,0,0.0
783,3,edge_75,True,0.028772272114570775,0.0020177840572853873,0.11999999999534339,0.23976893429739404,40000000,106,0,0.0
783,4,edge_100,True,0.026751924240697514,0.0013220389203487573,0.11999999999534339,0.22293270201446355,40000000,106,0,0.0
783,5,cloud,False,0.36066861038326925,0.0013343051916346266,0.11999999999534339,3.005571753310542,40000000,106,0,0.0
784,0,local,False,1.00440068,0.100440068,0.5857940200367011,1.714597018141415,1004400680,646,0,0.0
784,1,edge_25,False,0.773884574,0.07712598740199648,0.5857940200367011,1.3210865040095743,1004400680,646,0,0.0
784,2,edge_50,True,0.522784404,0.053980506834457244,0.5857940200367011,0.8924372494742207,1004400680,646,0,0.0
784,3,edge_75,True,0.40849335508383905,0.030739535041919536,0.5857940200367011,0.697332750269875,1004400680,646,0,0.0
784,4,edge_100,True,0.5240301260804547,0.007312681840227385,0.5857940200367011,0.8945638025591713,1004400680,646,0,0.0
784,5,cloud,True,0.565934455902698,0.007527159951349,0.5857940200367011,0.9660980422218054,1004400680,646,0,0.0
785,0,local,False,0.78593996,0.078593996,0.5052640269859694,1.5555034952484845,785939960,646,0,0.0
785,1,edge_25,False,0.610039034,0.0606412878673493,0.5052640269859694,1.2073668446951205,785939960,646,0,0.0
785,2,edge_50,True,0.413554044,0.04254354905339494,0.5052640269859694,0.8184909708829993,785939960,646,0,0.0
785,3,edge_75,True,0.32540749937144275,0.02469647418572137,0.5052640269859694,0.644034568050654,785939960,646,0,0.0
785,4,edge_100,True,0.41328108633024047,0.006553341965120232,0.5052640269859694,0.8179507430908332,785939960,646,0,0.0
785,5,cloud,False,0.5203471045011127,0.006579556250556353,0.5052640269859694,1.029851872901219,785939960,646,0,0.0
786,0,local,False,0.910010993,0.09100109929999999,0.42435856474912725,2.1444388509938084,910010993,646,2,0.0
786,1,edge_25,False,0.7030923087500001,0.07022053170214668,0.42435856474912725,1.6568354386005026,910010993,646,2,0.0
786,2,edge_50,False,0.4755895605,0.04942593751861829,0.42435856474912725,1.1207257258520504,910010993,646,2,0.0
786,3,edge_75,True,0.37374384506686303,0.02870310417093149,0.42435856474912725,0.8807265273126119,910010993,646,2,0.0
786,4,edge_100,False,0.4786189304899007,0.008204505794950336,0.42435856474912725,1.1278644293955775,910010993,646,2,0.0
786,5,cloud,False,0.5479461250166795,0.007971963208339731,0.42435856474912725,1.2912338068176257,910010993,646,2,0.0
787,0,local,False,1.021942206,0.1021942206,0.4718291530443821,2.165915775670335,1021942206,646,2,0.0
787,1,edge_25,False,0.7870407185,0.07841407055863456,0.4718291530443821,1.6680629279089243,1021942206,646,2,0.0
787,2,edge_50,False,0.531555167,0.05476282151577659,0.4718291530443821,1.1265839839913407,1021942206,646,2,0.0
787,3,edge_75,True,0.4148659569797822,0.03107533801489108,0.4718291530443821,0.8792715632405153,1021942206,646,2,0.0
787,4,edge_100,False,0.5329057262083455,0.007365100404172779,0.4718291530443821,1.1294463743282483,1021942206,646,2,0.0
787,5,cloud,False,0.568513765269719,0.0070626620348595215,0.4718291530443821,1.204914451770305,1021942206,646,2,0.0
788,0,local,True,0.04,0.003999999999999999,0.11999999999534339,0.33333333334626836,40000000,33,0,0.0
788,1,edge_25,True,0.040540672,0.003079833187061271,0.11999999999534339,0.3378389333464432,40000000,33,0,0.0
788,2,edge_50,True,0.030540672,0.002164411590218579,0.11999999999534339,0.25450560000987615,40000000,33,0,0.0
788,3,edge_75,True,0.026033393048805805,0.0012463605244029024,0.11999999999534339,0.2169449420818003,40000000,33,0,0.0
788,4,edge_100,True,0.02433550575220271,0.00032313527610135467,0.11999999999534339,0.20279588127622544,40000000,33,0,0.0
788,5,cloud,False,0.3586579991598157,0.00032899957990785845,0.11999999999534339,2.9888166597811123,40000000,33,0,0.0
789,0,local,False,0.970223391,0.0970223391,0.43645053677028045,2.2229859039230906,970223391,646,2,0.0
789,1,edge_25,False,0.7482516072500001,0.0745954664944339,0.43645053677028045,1.7144018490320512,970223391,646,2,0.0
789,2,edge_50,False,0.5056957595,0.052259633324978065,0.43645053677028045,1.1586553730512785,970223391,646,2,0.0
789,3,edge_75,True,0.3950887532504897,0.029591043587744822,0.43645053677028045,0.9052314522835357,970223391,646,2,0.0
789,4,edge_100,False,0.5066358554593686,0.007159868779684331,0.43645053677028045,1.1608093306711391,970223391,646,2,0.0
789,5,cloud,False,0.5588740122541742,0.007414667027087124,0.43645053677028045,1.2804979377269723,970223391,646,2,0.0
790,0,local,False,0.998580768,0.09985807679999999,0.4353849448089022,2.293558332473563,998580768,646,2,0.0
790,1,edge_25,False,0.7695196400000001,0.07655724628611865,0.4353849448089022,1.7674465990957844,998580768,646,2,0.0
790,2,edge_50,False,0.5198744479999999,0.0532489965995642,0.4353849448089022,1.1940570159773936,998580768,646,2,0.0
790,3,edge_75,True,0.40468326230870844,0.02978022435435419,0.4353849448089022,0.9294838214636263,998580768,646,2,0.0
790,4,edge_100,False,0.5198926822784943,0.006698937939247154,0.4353849448089022,1.1940988967973707,998580768,646,2,0.0
790,5,cloud,False,0.5626317941861161,0.006457820293058055,0.4353849448089022,1.2922628604741138,998580768,646,2,0.0
791,0,local,True,0.04,0.003999999999999999,0.11999999999534339,0.33333333334626836,40000000,106,0,0.0
791,1,edge_25,True,0.06117576253612402,0.003179893322584397,0.11999999999534339,0.5097980211541496,40000000,106,0,0.0
791,2,edge_50,True,0.05117576253612402,0.002355490260809086,0.11999999999534339,0.4264646878175825,40000000,106,0,0.0
791,3,edge_75,True,0.04723902461838353,0.0015316310411297557,0.11999999999534339,0.3936585385018054,40000000,106,0,0.0
791,4,edge_100,True,0.0323514087276208,0.0007199459199886969,0.11999999999534339,0.269595072740635,40000000,106,0,0.0
791,5,cloud,False,0.35943343612869677,0.0007167180643483884,0.11999999999534339,2.9952786345220384,40000000,106,0,0.0
792,0,local,False,1.352548575,0.1352548575,0.7985997879586648,1.6936500552514637,1352548575,2893,3,0.0
792,1,edge_25,False,1.0444114312500001,0.10967963691468147,0.7985997879586648,1.3078032914579967,1352548575,2893,3,0.0
792,2,edge_50,True,0.7062742875,0.08414143512821995,0.7985997879586648,0.8843907776451306,1352548575,2893,3,0.0
792,3,edge_75,True,0.5876241132037594,0.05902291316437969,0.7985997879586648,0.7358180180661087,1352548575,2893,3,0.0
792,4,edge_100,True,0.7521743578019989,0.0327000351509995,0.7985997879586648,0.9418664632063879,1352548575,2893,3,0.0
792,5,cloud,True,0.6860946207893073,0.03279245289465366,0.7985997879586648,0.8591219671408418,1352548575,2893,3,0.0
793,0,local,False,1.07646883,0.10764688299999998,0.603961722983513,1.7823461140589294,1076468830,646,0,0.0
793,1,edge_25,False,0.8422804953889721,0.081924584010615,0.603961722983513,1.3945925103137118,1076468830,646,0,0.0
793,2,edge_50,True,0.5731632878889721,0.05613731151440899,0.603961722983513,0.9490059817989795,1076468830,646,0,0.0
793,3,edge_75,True,0.4457656354283563,0.030492196394692098,0.603961722983513,0.7380693485446673,1076468830,646,0,0.0
793,4,edge_100,True,0.5597072459118863,0.00462386270037299,0.603961722983513,0.9267263546884827,1076468830,646,0,0.0
793,5,cloud,True,0.5748297214827689,0.004767977741384449,0.603961722983513,0.9517651526708765,1076468830,646,0,0.0
794,0,local,False,0.907287592,0.0907287592,0.5648202677548397,1.6063297367257512,907287592,1329,2,0.0
794,1,edge_25,False,0.710465694,0.0723440744007736,0.5648202677548397,1.2578615438573066,907287592,1329,2,0.0
794,2,edge_50,True,0.48364379599999996,0.0539302563334511,0.5648202677548397,0.8562791096758687,907287592,1329,2,0.0
794,3,edge_75,True,0.39639246951651996,0.035762001058259954,0.5648202677548397,0.7018028426851249,907287592,1329,2,0.0
794,4,edge_100,True,0.49805060273841695,0.01695340336920847,0.5648202677548397,0.8817859966643333,907287592,1329,2,0.0
794,5,cloud,True,0.5645512289731128,0.016546855286556434,0.5648202677548397,0.9995236736408268,907287592,1329,2,0.0
795,0,local,False,1.024841547,0.1024841547,0.6062476442020852,1.6904668526157303,1024841547,646,0,0.0
795,1,edge_25,False,0.78921522425,0.07853170262376863,0.6062476442020852,1.3018033666567532,1024841547,646,0,0.0
795,2,edge_50,True,0.5330048375,0.054633572772066284,0.6062476442020852,0.8791866535028208,1024841547,646,0,0.0
795,3,edge_75,True,0.4148061037082638,0.030574268466631905,0.6062476442020852,0.6842189123129908,1024841547,646,0,0.0
795,4,edge_100,True,0.5329804099350608,0.006677607017530372,0.6062476442020852,0.8791463604556264,1024841547,646,0,0.0
795,5,cloud,True,0.5679670030396384,0.006499346819819194,0.6062476442020852,0.9368564290046356,1024841547,646,0,0.0
796,0,local,False,0.912140599,0.09121405989999999,0.5283023068041075,1.726550475461426,912140599,646,0,0.0
796,1,edge_25,False,0.7046895132500001,0.0698473105717764,0.5283023068041075,1.3338755181913227,912140599,646,0,0.0
796,2,edge_50,True,0.4766543635,0.048412691500892585,0.5283023068041075,0.9022378993259661,912140599,646,0,0.0
796,3,edge_75,True,0.3710037592760346,0.02698700030051727,0.5283023068041075,0.7022565574630386,912140599,646,0,0.0
796,4,edge_100,True,0.47453899302105806,0.005632135560529025,0.5283023068041075,0.8982338083884523,912140599,646,0,0.0
796,5,cloud,False,0.5435274536222469,0.005549666911123443,0.5283023068041075,1.0288190049940191,912140599,646,0,0.0
797,0,local,False,1.704005142,0.1704005142,0.727350372064393,2.3427569537960484,1704005142,2662,3,0.0
797,1,edge_25,False,1.3080038565,0.13548127726284726,0.727350372064393,1.7983133119016281,1704005142,2662,3,0.0
797,2,edge_50,False,0.882002571,0.10012880770016112,0.727350372064393,1.212624073452616,1704005142,2662,3,0.0
797,3,edge_75,True,0.714721637479728,0.06545998316486397,0.727350372064393,0.982637343610863,1704005142,2662,3,0.0
797,4,edge_100,False,0.9241278327800428,0.03081263089002147,0.727350372064393,1.2705401251904893,1704005142,2662,3,0.0
797,5,cloud,False,0.7522746965758653,0.030736834087932666,0.727350372064393,1.0342672877731969,1704005142,2662,3,0.0
798,0,local,True,0.04,0.003999999999999999,0.11999999999534339,0.33333333334626836,40000000,106,0,0.0
798,1,edge_25,True,0.041736704,0.0033365264465875953,0.11999999999534339,0.34780586668016333,40000000,106,0,0.0
798,2,edge_50,True,0.031736704000000004,0.002666213658538719,0.11999999999534339,0.26447253334359627,40000000,106,0,0.0
798,3,edge_75,True,0.028716825942583717,0.0019900609712918587,0.11999999999534339,0.23930688286415064,40000000,106,0,0.0
798,4,edge_100,True,0.026770944911636518,0.0013315492558182583,0.11999999999534339,0.22309120760562806,40000000,106,0,0.0
798,5,cloud,False,0.36077689345351177,0.0013884467267558944,0.11999999999534339,3.006474112229265,40000000,106,0,0.0
799,0,local,False,1.006600565,0.1006600565,0.4346541143604554,2.3158657234410387,1006600565,646,3,0.0
799,1,edge_25,False,0.7881777433630353,0.07669819091242946,0.4346541143604554,1.8133447201408643,1006600565,646,3,0.0
799,2,edge_50,False,0.5365276021130353,0.052721304568184066,0.4346541143604554,1.2343782892806048,1006600565,646,3,0.0
799,3,edge_75,True,0.4179757875758433,0.02880164216890404,0.4346541143604554,0.9616285082009349,1006600565,646,3,0.0
799,4,edge_100,False,0.5246650908980941,0.004867623266765866,0.4346541143604554,1.2070864477380587,1006600565,646,3,0.0
799,5,cloud,False,0.560757153580894,0.0047185202904470105,0.4346541143604554,1.2901227322004876,1006600565,646,3,0.0
2700,0,local,False,1.00440068,0.100440068,0.5034736866946332,1.994941754739983,1004400680,646,1,0.0
2700,1,edge_25,False,0.773884574,0.07747320330406951,0.5034736866946332,1.5370904070094458,1004400680,646,1,0.0
2700,2,edge_50,False,0.522784404,0.0543788442505,0.5034736866946332,1.0383549683244502,1004400680,646,1,0.0
2700,3,edge_75,True,0.4095788969314068,0.03128230596570339,0.5034736866946332,0.8135060634853486,1004400680,646,1,0.0
2700,4,edge_100,False,0.5259039911144104,0.008249614357205236,0.5034736866946332,1.0445510957425301,1004400680,646,1,0.0
2700,5,cloud,False,0.5680731873977602,0.00859652569888013,0.5034736866946332,1.1283076005962311,1004400680,646,1,0.0
2701,0,local,False,0.996433593,0.09964335929999998,0.5647206001449376,1.7644718339374579,996433593,646,0,0.0
2701,1,edge_25,False,0.76790925875,0.07678112736847538,0.5647206001449376,1.3598038721323664,996433593,646,0,0.0
2701,2,edge_50,True,0.5188008605,0.053987709150006565,0.5647206001449376,0.9186859136480019,996433593,646,0,0.0
2701,3,edge_75,True,0.4068285428110737,0.031201780543036853,0.5647206001449376,0.7204067687749653,996433593,646,0,0.0
2701,4,edge_100,True,0.5220602308992769,0.008319505999638446,0.5647206001449376,0.9244575649715775,996433593,646,0,0.0
2701,5,cloud,False,0.5655509316278089,0.008132106513904457,0.5647206001449376,1.0014703403464618,996433593,646,0,0.0
2702,0,local,False,0.959307572,0.0959307572,0.48524891992565244,1.9769391184775447,959307572,646,1,0.0
2702,1,edge_25,False,0.740064743,0.074075181058856,0.48524891992565244,1.5251239366249167,959307572,646,1,0.0
2702,2,edge_50,False,0.50023785,0.05218048397773968,0.48524891992565244,1.0308891570055305,959307572,646,1,0.0
2702,3,edge_75,True,0.39279244080916714,0.030216707954583567,0.48524891992565244,0.8094658734518131,959307572,646,1,0.0
2702,4,edge_100,False,0.5034968460570994,0.008319318828549716,0.48524891992565244,1.0376052895372603,959307572,646,1,0.0
2702,5,cloud,False,0.5590786813708124,0.008608583485406215,0.48524891992565244,1.152148224166005,959307572,646,1,0.0
2703,0,local,False,0.97972028,0.09797202799999999,0.5007520387880504,1.9564978354779679,979720280,646,1,0.0
2703,1,edge_25,False,0.755374274,0.07519355753658409,0.5007520387880504,1.5084796775430038,979720280,646,1,0.0
2703,2,edge_50,False,0.510444204,0.05230395298259291,0.5007520387880504,1.0193552186735118,979720280,646,1,0.0
2703,3,edge_75,True,0.3982509007574149,0.029628872878707458,0.5007520387880504,0.7953056001954285,979720280,646,1,0.0
2703,4,edge_100,False,0.5109552981146701,0.006945367857335055,0.5007520387880504,1.0203758717614295,979720280,646,1,0.0
2703,5,cloud,False,0.5596868377174011,0.006871390858700588,0.5007520387880504,1.1176925790896193,979720280,646,1,0.0
2704,0,local,False,0.81628715,0.08162871499999999,0.4010151401744224,2.0355519485996316,816287150,646,2,0.0
2704,1,edge_25,False,0.6327994265,0.06443771197575396,0.4010151401744224,1.5779938538598879,816287150,646,2,0.0
2704,2,edge_50,False,0.428727639,0.047547554162557085,0.4010151401744224,1.06910586670998,816287150,646,2,0.0
2704,3,edge_75,True,0.3463779213492107,0.030250266799605352,0.4010151401744224,0.863752728135284,816287150,646,2,0.0
2704,4,edge_100,False,0.4415913415993386,0.013121672099669293,0.4010151401744224,1.1011837144285064,816287150,646,2,0.0
2704,5,cloud,False,0.5411634085996097,0.013952989299804854,0.4010151401744224,1.3494837336172132,816287150,646,2,0.0
2705,0,local,False,1.017601204,0.10176012039999999,0.6058403253555298,1.6796524784031726,1017601204,646,0,0.0
2705,1,edge_25,False,0.7977417678015268,0.07748718451559869,0.6058403253555298,1.3167525079044253,1017601204,646,0,0.0
2705,2,edge_50,True,0.5433414668015268,0.053203931163983524,0.6058403253555298,0.8968393883036322,1017601204,646,0,0.0
2705,3,edge_75,True,0.42311923114482936,0.028928987521651267,0.6058403253555298,0.6984005742709964,1017601204,646,0,0.0
2705,4,edge_100,True,0.5302985780932025,0.0047043367063339964,0.6058403253555298,0.8753107970850297,1017601204,646,0,0.0
2705,5,cloud,True,0.5630873417943283,0.004783550497164171,0.6058403253555298,0.9294319282294184,1017601204,646,0,0.0
2706,0,local,False,1.025844564,0.1025844564,0.5916999727487564,1.7337242035594738,1025844564,646,0,0.0
2706,1,edge_25,False,0.789967487,0.07840952793771491,0.5916999727487564,1.3350811617079972,1025844564,646,0,0.0
2706,2,edge_50,True,0.533506346,0.05412194480004111,0.5916999727487564,0.9016501108181288,1025844564,646,0,0.0
2706,3,edge_75,True,0.4139474538947174,0.029981953297358678,0.5916999727487564,0.6995901182346089,1025844564,646,0,0.0
2706,4,edge_100,True,0.5316997291047943,0.005786512352397171,0.5916999727487564,0.8985968456864558,1025844564,646,0,0.0
2706,5,cloud,True,0.566795782285741,0.005813434742870485,0.5916999727487564,0.9579107797701555,1025844564,646,0,0.0
2707,0,local,True,0.04,0.003999999999999999,0.11999999999534339,0.33333333334626836,40000000,106,0,0.0
2707,1,edge_25,True,0.055693504801526836,0.003192201120614237,0.11999999999534339,0.46411254003073354,40000000,106,0,0.0
2707,2,edge_50,True,0.04569350480152684,0.002393236299223045,0.11999999999534339,0.38077920669416654,40000000,106,0,0.0
2707,3,edge_75,True,0.04185559282852511,0.0015810440134991352,0.11999999999534339,0.348796606917911,40000000,106,0,0.0
2707,4,edge_100,True,0.030539201802155212,0.0007732375608104098,0.11999999999534339,0.2544933483611691,40000000,106,0,0.0
2707,5,cloud,False,0.3595412761072853,0.0007706380536426603,0.11999999999534339,2.996177301010311,40000000,106,0,0.0
2708,0,local,False,1.034017039,0.10340170389999999,0.6076172851608135,1.7017571162846932,1034017039,646,0,0.0
2708,1,edge_25,False,0.8133819603159795,0.07866059637873223,0.6076172851608135,1.3386419053248426,1034017039,646,0,0.0
2708,2,edge_50,True,0.5548777005659796,0.05397230849190478,0.6076172851608135,0.9132026262536694,1034017039,646,0,0.0
2708,3,edge_75,True,0.43243803187763613,0.029256656568328303,0.6076172851608135,0.7116947500319811,1034017039,646,0,0.0
2708,4,edge_100,True,0.5392670179437906,0.004502142535348867,0.6076172851608135,0.887510989423329,1034017039,646,0,0.0
2708,5,cloud,True,0.5659573925550136,0.004576992377506801,0.6076172851608135,0.9314372819483336,1034017039,646,0,0.0
2709,0,local,False,0.841081452,0.0841081452,0.48339920619037,1.7399313884449557,841081452,646,1,0.0
2709,1,edge_25,False,0.6513951530000001,0.06567404182973498,0.48339920619037,1.3475304565218311,841081452,646,1,0.0
2709,2,edge_50,True,0.44112479,0.04739911513695514,0.48339920619037,0.912547609410592,841081452,646,1,0.0
2709,3,edge_75,True,0.3515517425696138,0.02880810333480689,0.48339920619037,0.7272493170606642,841081452,646,1,0.0
2709,4,edge_100,True,0.4487666319250642,0.010510741762532102,0.48339920619037,0.9283561623151136,841081452,646,1,0.0
2709,5,cloud,False,0.5390026919676023,0.010393200783801161,0.48339920619037,1.1150260179685416,841081452,646,1,0.0
2710,0,local,False,1.520313933,0.15203139329999998,0.8629501145333052,1.7617634060135745,1520313933,2271,3,0.0
2710,1,edge_25,False,1.17023544975,0.12044145002524978,0.8629501145333052,1.3560870206070705,1520313933,2271,3,0.0
2710,2,edge_50,True,0.7901569665,0.08877321284719265,0.8629501145333052,0.9156461691036768,1520313933,2271,3,0.0
2710,3,edge_75,True,0.637905499904024,0.05690173583951196,0.8629501145333052,0.7392148041477598,1520313933,2271,3,0.0
2710,4,edge_100,True,0.8212277599964262,0.025285396748213115,0.8629501145333052,0.9516514873406755,1520313933,2271,3,0.0
2710,5,cloud,True,0.7054016108377725,0.025669412118886254,0.8629501145333052,0.8174303461553661,1520313933,2271,3,0.0
2711,0,local,False,0.833089524,0.0833089524,0.39678507525241,2.099598941492545,833089524,646,2,0.0
2711,1,edge_25,False,0.645401207,0.06449892063705424,0.39678507525241,1.6265763186516928,833089524,646,2,0.0
2711,2,edge_50,False,0.437128826,0.0457886091627977,0.39678507525241,1.1016765832785567,833089524,646,2,0.0
2711,3,edge_75,True,0.3452768674816701,0.026969354090835024,0.39678507525241,0.8701861259827537,833089524,646,2,0.0
2711,4,edge_100,False,0.44062930504316244,0.008440060321581195,0.39678507525241,1.110498686884484,833089524,646,2,0.0
2711,5,cloud,False,0.5331475974599231,0.008264846329961571,0.39678507525241,1.343668476241874,833089524,646,2,0.0
2712,0,local,True,0.04,0.003999999999999999,0.11999999999534339,0.33333333334626836,40000000,106,0,0.0
2712,1,edge_25,True,0.041736704,0.0034038084458355134,0.11999999999534339,0.34780586668016333,40000000,106,0,0.0
2712,2,edge_50,True,0.031736704000000004,0.002816163024245863,0.11999999999534339,0.26447253334359627,40000000,106,0,0.0
2712,3,edge_75,True,0.029231613761288612,0.002247454880644306,0.11999999999534339,0.24359678135352456,40000000,106,0,0.0
2712,4,edge_100,True,0.027509157260226003,0.0017006554301130011,0.11999999999534339,0.22924297717744582,40000000,106,0,0.0
2712,5,cloud,False,0.3612302501459935,0.0016151250729967788,0.11999999999534339,3.0102520846667593,40000000,106,0,0.0
2713,0,local,False,1.029913534,0.10299135339999999,0.5920422106864862,1.739594771132606,1029913534,646,0,0.0
2713,1,edge_25,False,0.796598578508418,0.0785584688694546,0.5920422106864862,1.3455097696239329,1029913534,646,0,0.0
2713,2,edge_50,True,0.539120195008418,0.054150049733912665,0.5920422106864862,0.9106110768407815,1029913534,646,0,0.0
2713,3,edge_75,True,0.4182889416731904,0.029701807557386224,0.5920422106864862,0.7065187821459132,1029913534,646,0,0.0
2713,4,edge_100,True,0.5340831501248464,0.005334591660950011,0.5920422106864862,0.902103161707955,1029913534,646,0,0.0
2713,5,cloud,True,0.5665876566797489,0.005302474939874452,0.5920422106864862,0.9570055081423633,1029913534,646,0,0.0
2714,0,local,True,0.04,0.003999999999999999,0.11999999999534339,0.33333333334626836,40000000,33,0,0.0
2714,1,edge_25,True,0.040540672,0.0030738787598692066,0.11999999999534339,0.3378389333464432,40000000,33,0,0.0
2714,2,edge_50,True,0.030540672,0.002146485138597791,0.11999999999534339,0.25450560000987615,40000000,33,0,0.0
2714,3,edge_75,True,0.025969984960668692,0.0012146564803343458,0.11999999999534339,0.21641654134730384,40000000,33,0,0.0
2714,4,edge_100,True,0.024267018008031133,0.0002888914040155664,0.11999999999534339,0.20222515007477349,40000000,33,0,0.0
2714,5,cloud,False,0.35857988172190064,0.0002899408609503242,0.11999999999534339,2.988165681131795,40000000,33,0,0.0
2715,0,local,False,0.811116116,0.0811116116,0.4225969615508802,1.919360974634794,811116116,646,2,0.0
2715,1,edge_25,False,0.6419090624744221,0.062048857352471634,0.4225969615508802,1.518962796416455,811116116,646,2,0.0
2715,2,edge_50,False,0.43913003347442214,0.0429557654455013,0.4225969615508802,1.0391225527577566,811116116,646,2,0.0
2715,3,edge_75,True,0.3449432230528411,0.023879254939209473,0.4225969615508802,0.8162463397439981,811116116,646,2,0.0
2715,4,edge_100,False,0.42701098709305907,0.00485136883850565,0.4225969615508802,1.0104450006596828,811116116,646,2,0.0
2715,5,cloud,False,0.5218165957677587,0.004796686283879352,0.4225969615508802,1.2347854888798877,811116116,646,2,0.0
2716,0,local,False,0.808712661,0.08087126609999999,0.48152481426950544,1.679482836677593,808712661,646,0,0.0
2716,1,edge_25,False,0.62711855975,0.063867656908283,0.48152481426950544,1.3023597978047439,808712661,646,0,0.0
2716,2,edge_50,True,0.42494039450000004,0.04709243173126371,0.48152481426950544,0.8824890886353458,808712661,646,0,0.0
2716,3,edge_75,True,0.34302197815131263,0.029803149663156305,0.48152481426950544,0.712366150167551,808712661,646,0,0.0
2716,4,edge_100,True,0.43838240700029074,0.013410827050145336,0.48152481426950544,0.9104046022328804,808712661,646,0,0.0
2716,5,cloud,False,0.5382794469456361,0.013268457372818074,0.48152481426950544,1.1178643986649577,808712661,646,0,0.0
2717,0,local,False,1.006816858,0.10068168579999999,0.5365020955214277,1.8766317343485348,1006816858,646,1,0.0
2717,1,edge_25,False,0.7816035371486144,0.0768143789764665,0.5365020955214277,1.456850856079084,1006816858,646,1,0.0
2717,2,edge_50,True,0.5298993226486145,0.052926943363862215,0.5365020955214277,0.9876929224919505,1006816858,646,1,0.0
2717,3,edge_75,True,0.4117486349325921,0.02902113121698885,0.5365020955214277,0.7674688288634038,1006816858,646,1,0.0
2717,4,edge_100,True,0.5230046457820563,0.005162202002520613,0.5365020955214277,0.9748417576519376,1006816858,646,1,0.0
2717,5,cloud,False,0.5615189953654065,0.005077811882703223,0.5365020955214277,1.0466296405043205,1006816858,646,1,0.0
2718,0,local,False,3.523618205,0.3523618205,1.2682352152187377,2.778363321501262,3523618205,2893,3,0.0
2718,1,edge_25,False,2.67271365375,0.2735689846809963,1.2682352152187377,2.1074274091096155,3523618205,2893,3,0.0
2718,2,edge_50,False,1.7918091025,0.1950309608813507,1.2682352152187377,1.4128365787343,3523618205,2893,3,0.0
2718,3,edge_75,False,1.4051804953592228,0.11500228936711143,1.2682352152187377,1.1079809789991248,3523618205,2893,3,0.0
2718,4,edge_100,False,1.8477633788821541,0.0377271381910771,1.2682352152187377,1.45695637268948,3523618205,2893,3,0.0
2718,5,cloud,True,1.1274448495117193,0.03636060425585971,1.2682352152187377,0.8889871815436573,3523618205,2893,3,0.0
2719,0,local,False,0.896565095,0.0896565095,0.45630936947418377,1.9648185090591794,896565095,646,1,0.0
2719,1,edge_25,False,0.69300788525,0.0698458247128871,0.45630936947418377,1.5187237685883366,896565095,646,1,0.0
2719,2,edge_50,False,0.46886661150000003,0.050203902917728756,0.45630936947418377,1.0275191413235416,896565095,646,1,0.0
2719,3,edge_75,True,0.3720254692838043,0.030028874704402145,0.45630936947418377,0.8152921990457881,896565095,646,1,0.0
2719,4,edge_100,False,0.47685539283483774,0.01068421146741885,0.45630936947418377,1.0450265208981566,896565095,646,1,0.0
2719,5,cloud,False,0.5505188827146178,0.01060293185730891,0.45630936947418377,1.2064597388149052,896565095,646,1,0.0
2720,0,local,False,1.515043945,0.15150439449999997,0.7138058209093288,2.122487517781742,1515043945,2271,3,0.0
2720,1,edge_25,False,1.16628295875,0.12009284461177294,0.7138058209093288,1.6338938750376866,1515043945,2271,3,0.0
2720,2,edge_50,False,0.7875219725,0.08880234148742669,0.7138058209093288,1.103271995592251,1515043945,2271,3,0.0
2720,3,edge_75,True,0.6369895667905506,0.05730014233277528,0.7138058209093288,0.8923849429794217,1515043945,2271,3,0.0
2720,4,edge_100,False,0.81984938515361,0.02591370632680504,0.7138058209093288,1.1485608006238877,1515043945,2271,3,0.0
2720,5,cloud,True,0.703104857054015,0.025048034027007515,0.7138058209093288,0.9850085786051989,1515043945,2271,3,0.0
2721,0,local,False,0.648668349,0.06486683489999999,0.3930194346467033,1.6504739761358291,648668349,1031,3,0.0
2721,1,edge_25,False,0.51339316575,0.05152803322828111,0.3930194346467033,1.306279335044854,648668349,1031,3,0.0
2721,2,edge_50,True,0.35122607850000004,0.03842425287476249,0.3930194346467033,0.8936608410108967,648668349,1031,3,0.0
2721,3,edge_75,True,0.2878865461564785,0.025088714365739243,0.3930194346467033,0.7324995172701019,648668349,1031,3,0.0
2721,4,edge_100,True,0.3575524082415411,0.011903033670770558,0.3930194346467033,0.909757576143672,648668349,1031,3,0.0
2721,5,cloud,False,0.5031416808674856,0.01170400553374276,0.3930194346467033,1.2801954216838523,648668349,1031,3,0.0
2722,0,local,True,0.04,0.003999999999999999,0.11999999999534339,0.33333333334626836,40000000,33,0,0.0
2722,1,edge_25,True,0.040540672,0.0030767505215580073,0.11999999999534339,0.3378389333464432,40000000,33,0,0.0
2722,2,edge_50,True,0.030540672,0.002152712260101102,0.11999999999534339,0.25450560000987615,40000000,33,0,0.0
2722,3,edge_75,True,0.026013334039686357,0.001236331019843177,0.11999999999534339,0.21677778367246506,40000000,33,0,0.0
2722,4,edge_100,True,0.024302827911420438,0.0003067963557102184,0.11999999999534339,0.2025235659363626,40000000,33,0,0.0
2722,5,cloud,False,0.35861262137484723,0.00030631068742362514,0.11999999999534339,2.988438511573027,40000000,33,0,0.0
2723,0,local,False,3.505898744,0.35058987439999995,1.3581419035908766,2.581393545645366,3505898744,2893,3,0.0
2723,1,edge_25,False,2.659424058,0.2715907364751628,1.3581419035908766,1.958134161804876,3505898744,2893,3,0.0
2723,2,edge_50,False,1.782949372,0.19310688771082118,1.3581419035908766,1.3127857753935346,3505898744,2893,3,0.0
2723,3,edge_75,False,1.397116438655951,0.11384967342797539,1.3581419035908766,1.028696953508339,3505898744,2893,3,0.0
2723,4,edge_100,False,1.8351183920611316,0.03583451003056584,1.3581419035908766,1.3511978293351725,3505898744,2893,3,0.0
2723,5,cloud,True,1.119854033317448,0.034337142258724,1.3581419035908766,0.8245486206975837,3505898744,2893,3,0.0
2724,0,local,False,1.265501697,0.1265501697,0.7137243982288055,1.7730957497606883,1265501697,2271,3,0.0
2724,1,edge_25,False,0.9791262727500001,0.10845687072552822,0.7137243982288055,1.3718548436620939,1265501697,2271,3,0.0
2724,2,edge_50,True,0.6627508485,0.09024544337263873,0.7137243982288055,0.9285809062219218,1265501697,2271,3,0.0
2724,3,edge_75,True,0.5870034399030944,0.07285769418904722,0.7137243982288055,0.8224511329020212,1265501697,2271,3,0.0
2724,4,edge_100,False,0.7583745085761274,0.05756183003806376,0.7137243982288055,1.0625593162544626,1265501697,2271,3,0.0
2724,5,cloud,True,0.7079104406664424,0.05240505063322122,0.7137243982288055,0.9918540579854196,1265501697,2271,3,0.0
2725,0,local,False,3.808452299,0.38084522989999997,1.3477604562649503,2.825763496247966,3808452299,2662,3,0.0
2725,1,edge_25,False,2.88633922425,0.29142432543111946,1.3477604562649503,2.141581770583264,3808452299,2662,3,0.0
2725,2,edge_50,False,1.9342261495,0.20214038444807625,1.3477604562649503,1.4351408965212724,3808452299,2662,3,0.0
2725,3,edge_75,False,1.4933867794286864,0.11281989112684314,1.3477604562649503,1.1080505979284407,3808452299,2662,3,0.0
2725,4,edge_100,False,1.9615405776697494,0.023407214084874776,1.3477604562649503,1.4554074268551909,3808452299,2662,3,0.0
2725,5,cloud,True,1.1592504745966736,0.02378000739833673,1.3477604562649503,0.8601309447891842,3808452299,2662,3,0.0
2726,0,local,True,0.04,0.003999999999999999,0.11999999999534339,0.33333333334626836,40000000,49,0,0.0
2726,1,edge_25,True,0.040802816,0.003122240791908952,0.11999999999534339,0.34002346667986133,40000000,49,0,0.0
2726,2,edge_50,True,0.030802816,0.0022426933515525245,0.11999999999534339,0.2566901333432942,40000000,49,0,0.0
2726,3,edge_75,True,0.02656281724611883,0.0013800006230594156,0.11999999999534339,0.22135681039291336,40000000,49,0,0.0
2726,4,edge_100,True,0.02477579914681228,0.0004974067734061403,0.11999999999534339,0.2064649928981142,40000000,49,0,0.0
2726,5,cloud,False,0.3589899917112055,0.0004949958556027582,0.11999999999534339,2.9915832643761346,40000000,49,0,0.0
2727,0,local,False,1.183209922,0.11832099219999999,0.6526643618708476,1.8128918799984046,1183209922,2271,3,0.0
2727,1,edge_25,False,0.9174074415,0.09533553819297184,0.6526643618708476,1.4056343430033047,1183209922,2271,3,0.0
2727,2,edge_50,True,0.6216049610000001,0.0723498377286017,0.6526643618708476,0.9524113730037036,1183209922,2271,3,0.0
2727,3,edge_75,True,0.5133219528323564,0.049389364091178174,0.6526643618708476,0.7865021944218474,1183209922,2271,3,0.0
2727,4,edge_100,True,0.6525643052337294,0.025229672116864704,0.6526643618708476,0.9998466951116629,1183209922,2271,3,0.0
2727,5,cloud,True,0.639060904995973,0.026209460297986518,0.6526643618708476,0.9791570404796109,1183209922,2271,3,0.0
2728,0,local,False,1.303649961,0.1303649961,0.6219959061709233,2.0959140535593166,1303649961,2662,3,0.0
2728,1,edge_25,False,1.00773747075,0.10541460906176378,0.6219959061709233,1.620167368871839,1303649961,2662,3,0.0
2728,2,edge_50,False,0.6818249805000001,0.08035993052457341,0.6219959061709233,1.09618885548201,1303649961,2662,3,0.0
2728,3,edge_75,True,0.5639631865876837,0.05513847463134188,0.6219959061709233,0.9066991936643193,1303649961,2662,3,0.0
2728,4,edge_100,False,0.7242493010281257,0.030962160264062833,0.6219959061709233,1.1643956074995507,1303649961,2662,3,0.0
2728,5,cloud,False,0.6699456284314051,0.02960781811570258,0.6219959061709233,1.0770900930130967,1303649961,2662,3,0.0
2729,0,local,False,2.886136901,0.2886136901,1.1083057426149026,2.6040981202448137,2886136901,2662,3,0.0
2729,1,edge_25,False,2.1946026757499997,0.22276505961961618,1.1083057426149026,1.98014193319266,2886136901,2662,3,0.0
2729,2,edge_50,False,1.4730684505,0.15729676114702484,1.1083057426149026,1.3291174031314568,2886136901,2662,3,0.0
2729,3,edge_75,False,1.1513487300099614,0.0916771185924807,1.1083057426149026,1.0388367448981222,2886136901,2662,3,0.0
2729,4,edge_100,False,1.503620423468075,0.025025986484037564,1.1083057426149026,1.3566837792615594,2886136901,2662,3,0.0
2729,5,cloud,True,0.979273517596426,0.026023068698212994,1.1083057426149026,0.883577049132632,2886136901,2662,3,0.0
2730,0,local,False,1.201791981,0.1201791981,0.631406843313016,1.9033559641104794,1201791981,2893,3,0.0
2730,1,edge_25,False,0.9547255693592884,0.09459759098515001,0.631406843313016,1.512060851842857,1201791981,2893,3,0.0
2730,2,edge_50,False,0.6542775741092884,0.0690719766632267,0.631406843313016,1.0362218608152374,1201791981,2893,3,0.0
2730,3,edge_75,True,0.5306743313458654,0.043355176955788444,0.631406843313016,0.8404633826288559,1201791981,2893,3,0.0
2730,4,edge_100,False,0.6557385674544294,0.018079511345589223,0.631406843313016,1.0385357308035241,1201791981,2893,3,0.0
2730,5,cloud,True,0.6266541378591785,0.018147870829589238,0.631406843313016,0.9924728318925086,1201791981,2893,3,0.0
2731,0,local,False,1.43575684,0.14357568399999998,0.7482037650188431,1.918938272067959,1435756840,2271,3,0.0
2731,1,edge_25,False,1.10681763,0.12366383514195742,0.7482037650188431,1.4792997332379443,1435756840,2271,3,0.0
2731,2,edge_50,True,0.74787842,0.10458932173112419,0.7482037650188431,0.9995651652209544,1435756840,2271,3,0.0
2731,3,edge_75,True,0.6591722013248636,0.08127561416243181,0.7482037650188431,0.881006260785473,1435756840,2271,3,0.0
2731,4,edge_100,False,0.8511719041749458,0.061396742087472936,0.7482037650188431,1.1376204504310528,1435756840,2271,3,0.0
2731,5,cloud,False,0.7637222936975356,0.06328546284876782,0.7482037650188431,1.0207410459613253,1435756840,2271,3,0.0
2732,0,local,False,1.249280571,0.12492805709999999,0.6231846256996505,2.004671680719707,1249280571,2893,3,0.0
2732,1,edge_25,False,0.9825880807131315,0.09883381924516196,0.6231846256996505,1.5767206702347287,1249280571,2893,3,0.0
2732,2,edge_50,False,0.6702679379631314,0.07265147699379505,0.6231846256996505,1.0755527500548019,1249280571,2893,3,0.0
2732,3,edge_75,True,0.5456305021422381,0.0469933320520533,0.6231846256996505,0.8755519305850297,1249280571,2893,3,0.0
2732,4,edge_100,False,0.6820894619026773,0.020739749020290615,0.6231846256996505,1.0945222872545903,1249280571,2893,3,0.0
2732,5,cloud,False,0.6406136212008293,0.02037875350041466,0.6231846256996505,1.0279676275415353,1249280571,2893,3,0.0
2733,0,local,True,0.04,0.003999999999999999,0.11999999999534339,0.33333333334626836,40000000,49,0,0.0
2733,1,edge_25,True,0.040802816,0.0031076471896205647,0.11999999999534339,0.34002346667986133,40000000,49,0,0.0
2733,2,edge_50,True,0.030802816,0.00221638640514281,0.11999999999534339,0.2566901333432942,40000000,49,0,0.0
2733,3,edge_75,True,0.026463435593999395,0.001330309796999698,0.11999999999534339,0.2205286299585526,40000000,49,0,0.0
2733,4,edge_100,True,0.024652769483465845,0.00043589194173292297,0.11999999999534339,0.20543974570352083,40000000,49,0,0.0
2733,5,cloud,False,0.35888013365544286,0.00044006682772142414,0.11999999999534339,2.990667780578077,40000000,49,0,0.0
2734,0,local,True,0.092906488,0.009290648799999999,0.13730651082005352,0.6766357068220764,92906488,106,0,0.0
2734,1,edge_25,True,0.09440448147442217,0.007167174323080248,0.13730651082005352,0.6875455570941102,92906488,106,0,0.0
2734,2,edge_50,True,0.07117785947442216,0.005044119102967898,0.13730651082005352,0.5183866303885911,92906488,106,0,0.0
2734,3,edge_75,True,0.060723457330790154,0.0029021166281839915,0.13730651082005352,0.4422474722292742,92906488,106,0,0.0
2734,4,edge_100,True,0.056686814225628615,0.0007899774047904298,0.13730651082005352,0.41284869804840707,92906488,106,0,0.0
2734,5,cloud,False,0.37016072252509963,0.0007897124625498204,0.13730651082005352,2.695871596432978,92906488,106,0,0.0
2735,0,local,False,1.055866842,0.10558668419999999,0.7015191198443063,1.5051148459564963,1055866842,1031,0,0.0
2735,1,edge_25,False,0.8187920355,0.08222627184637575,0.7015191198443063,1.1671699492406153,1055866842,1031,0,0.0
2735,2,edge_50,True,0.5548253249999999,0.05890099138731338,0.7015191198443063,0.790891237751491,1055866842,1031,0,0.0
2735,3,edge_75,True,0.4410651362515991,0.03550825430079951,0.7015191198443063,0.6287286030771168,1055866842,1031,0,0.0
2735,4,edge_100,True,0.561277235290092,0.011965823945046026,0.7015191198443063,0.8000882932665623,1055866842,1031,0,0.0
2735,5,cloud,True,0.5851832248937978,0.012004928246898944,0.7015191198443063,0.8341657530641107,1055866842,1031,0,0.0
2736,0,local,False,1.096003416,0.10960034159999998,0.6915642665117048,1.5848178818265333,1096003416,1031,1,0.0
2736,1,edge_25,False,0.848894466,0.08549436384970766,0.6915642665117048,1.2274990295289243,1096003416,1031,1,0.0
2736,2,edge_50,True,0.574893612,0.06159472232108665,0.6915642665117048,0.8312945590722911,1096003416,1031,1,0.0
2736,3,edge_75,True,0.4575425681054683,0.037224776952734136,0.6915642665117048,0.6616052769952138,1096003416,1031,1,0.0
2736,4,edge_100,True,0.5841388516296114,0.013362488614805691,0.6915642665117048,0.8446631497836721,1096003416,1031,1,0.0
2736,5,cloud,True,0.5962169070181799,0.013508111909089971,0.6915642665117048,0.862127984179311,1096003416,1031,1,0.0
2737,0,local,False,6.673712464,0.6673712463999999,5.967520796810277,1.1183392050459535,6673712464,4039,0,0.0
2737,1,edge_25,True,5.035284348,0.5127433501011552,5.967520796810277,0.843781617098248,6673712464,4039,0,0.0
2737,2,edge_50,True,3.366856232,0.35872212861270214,5.967520796810277,0.5641968158367595,6673712464,4039,0,0.0
2737,3,edge_75,True,2.606992531437358,0.20401799031867912,5.967520796810277,0.4368635854324684,6673712464,4039,0,0.0
2737,4,edge_100,True,3.4477044887212096,0.05017412836060469,5.967520796810277,0.5777448635895924,6673712464,4039,0,0.0
2737,5,cloud,True,1.7804929677992283,0.04787523749961411,5.967520796810277,0.2983639317605607,6673712464,4039,0,0.0
2738,0,local,False,1.230007333,0.12300073329999998,0.6721062856377102,1.8300786040602792,1230007333,2271,3,0.0
2738,1,edge_25,False,0.95250549975,0.09930557602653378,0.6721062856377102,1.4171947504496858,1230007333,2271,3,0.0
2738,2,edge_50,True,0.6450036665000001,0.07623630448964501,0.6721062856377102,0.9596750994346162,1230007333,2271,3,0.0
2738,3,edge_75,True,0.5355501772071882,0.052898896991094096,0.6721062856377102,0.7968236403250502,1230007333,2271,3,0.0
2738,4,edge_100,False,0.6837383600507241,0.02911734677536205,0.6721062856377102,1.0173068972297694,1230007333,2271,3,0.0
2738,5,cloud,True,0.654251672128788,0.029125102764394,0.6721062856377102,0.9734348362893506,1230007333,2271,3,0.0
2739,0,local,False,1.415059767,0.14150597669999998,0.5844480523373932,2.4211899780326536,1415059767,1755,3,0.0
2739,1,edge_25,False,1.1152159269802815,0.10883166349823928,0.5844480523373932,1.9081523542086918,1415059767,1755,3,0.0
2739,2,edge_50,False,0.7614509852302814,0.07611512746224879,0.5844480523373932,1.3028548597005283,1415059767,1755,3,0.0
2739,3,edge_75,False,0.6006492056230444,0.04341683980888144,0.5844480523373932,1.027720433357349,1415059767,1755,3,0.0
2739,4,edge_100,False,0.7476240411873035,0.010610886040852521,0.5844480523373932,1.2791967364718178,1415059767,1755,3,0.0
2739,5,cloud,False,0.6544293169199616,0.010708681759980835,0.5844480523373932,1.1197390671466714,1415059767,1755,3,0.0
2740,0,local,True,0.04,0.003999999999999999,0.11999999999534339,0.33333333334626836,40000000,106,0,0.0
2740,1,edge_25,True,0.041736704,0.0036143730856226476,0.11999999999534339,0.34780586668016333,40000000,106,0,0.0
2740,2,edge_50,True,0.031736704000000004,0.003341574207839374,0.11999999999534339,0.26447253334359627,40000000,106,0,0.0
2740,3,edge_75,True,0.030455954950068267,0.0028596254750341346,0.11999999999534339,0.25379962459375094,40000000,106,0,0.0
2740,4,edge_100,True,0.02905837160976278,0.00247526260488139,0.11999999999534339,0.24215309675741994,40000000,106,0,0.0
2740,5,cloud,False,0.3633112078107674,0.002655603905383713,0.11999999999534339,3.027593398540548,40000000,106,0,0.0
2741,0,local,False,1.508022378,0.1508022378,0.6062233471311629,2.4875689548025988,1508022378,2271,3,0.0
2741,1,edge_25,False,1.1610167835,0.11802833088670707,0.6062233471311629,1.915163427793225,1508022378,2271,3,0.0
2741,2,edge_50,False,0.784011189,0.08524344110706335,0.6062233471311629,1.2932711890925752,1508022378,2271,3,0.0
2741,3,edge_75,False,0.6251758695007578,0.052534298325378884,0.6062233471311629,1.0312632670108866,1508022378,2271,3,0.0
2741,4,edge_100,False,0.8041994664259631,0.019844138712981584,0.6062233471311629,1.326572904576646,1508022378,2271,3,0.0
2741,5,cloud,False,0.6924242281526234,0.020409876276311675,0.6062233471311629,1.1421932715547658,1508022378,2271,3,0.0
2742,0,local,False,1.559596148,0.15595961479999998,0.6106897678691894,2.5538272131883297,1559596148,1755,3,0.0
2742,1,edge_25,False,1.199697111,0.12277465962527062,0.6106897678691894,1.9644951890809752,1559596148,1755,3,0.0
2742,2,edge_50,False,0.809798074,0.08928802623095734,0.6106897678691894,1.3260383857838927,1559596148,1755,3,0.0
2742,3,edge_75,False,0.6480126737609354,0.05557196283046769,0.6106897678691894,1.061115983688367,1559596148,1755,3,0.0
2742,4,edge_100,False,0.8346835976703367,0.022192761835168384,0.6106897678691894,1.3667882476280937,1559596148,1755,3,0.0
2742,5,cloud,False,0.7081607072536249,0.023120738826812492,0.6106897678691894,1.1596079458225244,1559596148,1755,3,0.0
2743,0,local,False,1.224459745,0.12244597449999998,0.5440545292221941,2.250619522919045,1224459745,2271,3,0.0
2743,1,edge_25,False,0.94834480875,0.09784081583876253,0.5440545292221941,1.7431061737612925,1224459745,2271,3,0.0
2743,2,edge_50,False,0.6422298725000001,0.07344227791244408,0.5440545292221941,1.1804512930315314,1224459745,2271,3,0.0
2743,3,edge_75,True,0.5266387803263083,0.049344681600654146,0.5440545292221941,0.9679889644135778,1224459745,2271,3,0.0
2743,4,edge_100,False,0.6721816416415244,0.024725884570762215,0.5440545292221941,1.2355041738233608,1224459745,2271,3,0.0
2743,5,cloud,False,0.6440402397561995,0.024574145378099804,0.5440545292221941,1.1837788404720198,1224459745,2271,3,0.0
2744,0,local,True,0.04,0.003999999999999999,0.11999999999534339,0.33333333334626836,40000000,106,0,0.0
2744,1,edge_25,True,0.041736704,0.0032813616023830753,0.11999999999534339,0.34780586668016333,40000000,106,0,0.0
2744,2,edge_50,True,0.031736704000000004,0.002554756770852781,0.11999999999534339,0.26447253334359627,40000000,106,0,0.0
2744,3,edge_75,True,0.028409210279556313,0.0018362531397781556,0.11999999999534339,0.23674341900548945,40000000,106,0,0.0
2744,4,edge_100,True,0.02633252068030155,0.0011123371401507744,0.11999999999534339,0.21943767234436154,40000000,106,0,0.0
2744,5,cloud,False,0.36019365304202655,0.0010968265210132694,0.11999999999534339,3.001613775466699,40000000,106,0,0.0
2745,0,local,False,1.750132634,0.17501326339999998,0.9698527586297132,1.804534367126748,1750132634,2893,3,0.0
2745,1,edge_25,False,1.3425994755,0.13961200821327022,0.9698527586297132,1.3843333058070935,1750132634,2893,3,0.0
2745,2,edge_50,True,0.9050663170000001,0.10421930582796676,0.9698527586297132,0.9331997140254066,1750132634,2893,3,0.0
2745,3,edge_75,True,0.7347864307509094,0.06799666235045475,0.9698527586297132,0.7576267884096916,1750132634,2893,3,0.0
2745,4,edge_100,True,0.9493760088009188,0.03190484590045941,0.9698527586297132,0.9788867437385798,1750132634,2893,3,0.0
2745,5,cloud,True,0.7642754900894535,0.03212448164472674,0.9698527586297132,0.7880324959525651,1750132634,2893,3,0.0
2746,0,local,False,1.501849676,0.1501849676,0.7800791221670806,1.925253007448554,1501849676,2271,3,0.0
2746,1,edge_25,False,1.156387257,0.11901465624051935,0.7800791221670806,1.482397392956147,1501849676,2271,3,0.0
2746,2,edge_50,False,0.780924838,0.08846387820316423,0.7800791221670806,1.0010841410940083,1501849676,2271,3,0.0
2746,3,edge_75,True,0.6315757136842804,0.056737284492140244,0.7800791221670806,0.8096303256133125,1501849676,2271,3,0.0
2746,4,edge_100,False,0.8145780095716694,0.026576585785834723,0.7800791221670806,1.0442248567154957,1501849676,2271,3,0.0
2746,5,cloud,True,0.701332171544012,0.025481118172006018,0.7800791221670806,0.8990526109655292,1501849676,2271,3,0.0
2747,0,local,True,0.04,0.003999999999999999,0.11999999999534339,0.33333333334626836,40000000,106,0,0.0
2747,1,edge_25,True,0.06117576253612402,0.0031801230758128633,0.11999999999534339,0.5097980211541496,40000000,106,0,0.0
2747,2,edge_50,True,0.05117576253612402,0.002354550095468349,0.11999999999534339,0.4264646878175825,40000000,106,0,0.0
2747,3,edge_75,True,0.047259975559494544,0.0015421065116852594,0.11999999999534339,0.39383312967773726,40000000,106,0,0.0
2747,4,edge_100,True,0.03235300908994803,0.0007207461011523126,0.11999999999534339,0.2696084090933624,40000000,106,0,0.0
2747,5,cloud,False,0.35944320367787214,0.0007216018389360753,0.11999999999534339,2.9953600307651698,40000000,106,0,0.0
2748,0,local,False,1.493670367,0.14936703669999998,0.7287026064586826,2.049766741275806,1493670367,2271,3,0.0
2748,1,edge_25,False,1.15025277525,0.11849227077673641,0.7287026064586826,1.5784941141351871,1493670367,2271,3,0.0
2748,2,edge_50,False,0.7768351835,0.0875257614348211,0.7287026064586826,1.0660524288162356,1493670367,2271,3,0.0
2748,3,edge_75,True,0.6286586277137779,0.056607879219388924,0.7287026064586826,0.8627094539553055,1493670367,2271,3,0.0
2748,4,edge_100,False,0.8087421850790173,0.02570350078950866,0.7287026064586826,1.1098384689596592,1493670367,2271,3,0.0
2748,5,cloud,True,0.6999665456292969,0.02561623611464845,0.7287026064586826,0.9605654479966308,1493670367,2271,3,0.0
2749,0,local,False,0.609600417,0.060960041699999995,0.3221955125918612,1.89202019635887,609600417,646,2,0.0
2749,1,edge_25,False,0.47778437675,0.0475695247338535,0.3221955125918612,1.4829020209081245,609600417,646,2,0.0
2749,2,edge_50,False,0.3253842725,0.03420071661172332,0.3221955125918612,1.009896971818407,609600417,646,2,0.0
2749,3,edge_75,True,0.2604523771404718,0.020874088807735905,0.3221955125918612,0.8083674879432537,609600417,646,2,0.0
2749,4,edge_100,False,0.3272091216964625,0.007602245398231245,0.3221955125918612,1.015560766393889,609600417,646,2,0.0
2749,5,cloud,False,0.4871797767139076,0.00762984665695382,0.3221955125918612,1.512062575902598,609600417,646,2,0.0
200,0,local,True,0.04,0.003999999999999999,0.11999999999534339,0.33333333334626836,40000000,106,0,0.0
200,1,edge_25,True,0.041736704,0.0033592044785118094,0.11999999999534339,0.34780586668016333,40000000,106,0,0.0
200,2,edge_50,True,0.031736704000000004,0.0027021168919591112,0.11999999999534339,0.26447253334359627,40000000,106,0,0.0
200,3,edge_75,True,0.02882647223224444,0.00204488411612222,0.11999999999534339,0.24022060194469214,40000000,106,0,0.0
200,4,edge_100,True,0.02683155309719587,0.0013618533485979353,0.11999999999534339,0.22359627581864228,40000000,106,0,0.0
200,5,cloud,False,0.3607800175610171,0.0013900087805085457,0.11999999999534339,3.0065001464584764,40000000,106,0,0.0
201,0,local,True,0.097024231,0.0097024231,0.12804121966473758,0.7577577849855516,97024231,106,0,0.0
201,1,edge_25,True,0.10394393578612401,0.007454898536041882,0.12804121966473758,0.8118005753013775,97024231,106,0,0.0
201,2,edge_50,True,0.07968787803612402,0.005211472603507838,0.12804121966473758,0.6223611290549896,97024231,106,0,0.0
201,3,edge_75,True,0.06862005243804599,0.002955707413460982,0.12804121966473758,0.53592157758041,97024231,106,0,0.0
201,4,edge_100,True,0.06084489144683947,0.0007106295295980339,0.12804121966473758,0.4751976871678933,97024231,106,0,0.0
201,5,cloud,False,0.3708305032190284,0.0007128285095142047,0.12804121966473758,2.8961806533084338,97024231,106,0,0.0
202,0,local,False,1.267792325,0.12677923249999998,0.8365953525353689,1.5154187997313808,1267792325,2662,3,0.0
202,1,edge_25,False,0.98084424375,0.10381087550893216,0.8365953525353689,1.172423730035642,1267792325,2662,3,0.0
202,2,edge_50,True,0.6638961625,0.08080119351334088,0.8365953525353689,0.7935690301027968,1267792325,2662,3,0.0
202,3,edge_75,True,0.5579944424280575,0.05798096840152872,0.8365953525353689,0.6669824793276832,1267792325,2662,3,0.0
202,4,edge_100,True,0.7107701121488458,0.033186974824422906,0.8365953525353689,0.8495984468414752,1267792325,2662,3,0.0
202,5,cloud,True,0.6708071428257937,0.03362433891289685,0.8365953525353689,0.801829870071426,1267792325,2662,3,0.0
203,0,local,False,0.802179229,0.08021792289999999,0.31480200644000433,2.548202402111694,802179229,355,3,0.0
203,1,edge_25,False,0.61745074175,0.06132117284770365,0.31480200644000433,1.9613939209999132,802179229,355,3,0.0
203,2,edge_50,False,0.4169059345,0.042370459055958536,0.31480200644000433,1.3243433204719897,802179229,355,3,0.0
203,3,edge_75,False,0.32352529502189376,0.023500362798446858,0.31480200644000433,1.0277103970223644,802179229,355,3,0.0
203,4,edge_100,False,0.4157603682762622,0.004567520888131096,0.31480200644000433,1.3207043150009234,802179229,355,3,0.0
203,5,cloud,False,0.5192838538176309,0.004424004008815457,0.31480200644000433,1.649557001526282,802179229,355,3,0.0
204,0,local,False,0.652993225,0.06529932249999999,0.3817653522128239,1.7104570155857775,652993225,646,1,0.0
204,1,edge_25,False,0.5312455184040816,0.050046321723926805,0.3817653522128239,1.3915498494685985,652993225,646,1,0.0
204,2,edge_50,True,0.36799721215408165,0.034733108655902824,0.3817653522128239,0.9639355955721542,652993225,646,1,0.0
204,3,edge_75,True,0.2928067242227782,0.01954166322184829,0.3817653522128239,0.7669808758851073,652993225,646,1,0.0
204,4,edge_100,True,0.34942261022410986,0.004200393922590648,0.3817653522128239,0.9152810966179984,652993225,646,1,0.0
204,5,cloud,False,0.48896487397650373,0.004183114488251872,0.3817653522128239,1.2807995045708573,652993225,646,1,0.0
205,0,local,True,0.04,0.003999999999999999,0.11999999999534339,0.33333333334626836,40000000,49,0,0.0
205,1,edge_25,True,0.040802816,0.003127952907257675,0.11999999999534339,0.34002346667986133,40000000,49,0,0.0
205,2,edge_50,True,0.030802816,0.002248406947761214,0.11999999999534339,0.2566901333432942,40000000,49,0,0.0
205,3,edge_75,True,0.02655341405120709,0.0013752990256035466,0.11999999999534339,0.2212784504353125,40000000,49,0,0.0
205,4,edge_100,True,0.024817893722361536,0.0005184540611807681,0.11999999999534339,0.20681578102770498,40000000,49,0,0.0
205,5,cloud,False,0.3590173381122963,0.0005086690561481526,0.11999999999534339,2.9918111510519,40000000,49,0,0.0
206,0,local,False,1.223847387,0.1223847387,0.5272255862510065,2.3212974083874207,1223847387,2271,3,0.0
206,1,edge_25,False,0.94788554025,0.097572794092618,0.5272255862510065,1.7978746953277072,1223847387,2271,3,0.0
206,2,edge_50,False,0.6419236935,0.07286302300265374,0.5272255862510065,1.2175503432308519,1223847387,2271,3,0.0
206,3,edge_75,True,0.5234655912970017,0.04785759526100081,0.5272255862510065,0.9928683374781915,1223847387,2271,3,0.0
206,4,edge_100,False,0.6685979984920981,0.023087152496049076,0.5272255862510065,1.2681440657050846,1223847387,2271,3,0.0
206,5,cloud,False,0.6402711871901543,0.0227508548950772,0.5272255862510065,1.2144159993125372,1223847387,2271,3,0.0
207,0,local,True,0.096635059,0.0096635059,0.12250937755743507,0.7887972408862772,96635059,106,0,0.0
207,1,edge_25,True,0.08421299825,0.00752019469175356,0.12250937755743507,0.6874004254124882,96635059,106,0,0.0
207,2,edge_50,True,0.0600542335,0.005394745924040736,0.12250937755743507,0.49020111519091886,96635059,106,0,0.0
207,3,edge_75,True,0.049657821087231345,0.0032573614561156724,0.12250937755743507,0.40533893875961186,96635059,106,0,0.0
207,4,edge_100,True,0.05461052950714179,0.0010925768035708956,0.12250937755743507,0.44576611681452044,96635059,106,0,0.0
207,5,cloud,False,0.371573929754688,0.0011234589773440032,0.12250937755743507,3.033024386892228,96635059,106,0,0.0
208,0,local,False,0.665274406,0.06652744059999999,0.49651360865391325,1.3398915848522466,665274406,1031,1,0.0
208,1,edge_25,False,0.5258477085,0.05257011277946323,0.49651360865391325,1.0590801527587808,665274406,1031,1,0.0
208,2,edge_50,True,0.359529107,0.03868782289427047,0.49651360865391325,0.7241072565457193,665274406,1031,1,0.0
208,3,edge_75,True,0.2923967231258106,0.024645318587905307,0.49651360865391325,0.5888997159987632,665274406,1031,1,0.0
208,4,edge_100,True,0.36326815609808655,0.010609393349043284,0.49651360865391325,0.7316378640314303,665274406,1031,1,0.0
208,5,cloud,False,0.5049434126840816,0.010944265742040804,0.49651360865391325,1.0169779919084638,665274406,1031,1,0.0
209,0,local,False,0.65972823,0.065972823,0.32076231969404034,2.056751025585807,659728230,646,3,0.0
209,1,edge_25,False,0.5153802365,0.05153503009703561,0.32076231969404034,1.606735594728197,659728230,646,3,0.0
209,2,edge_50,False,0.350448179,0.03711900273496224,0.32076231969404034,1.0925478383317455,659728230,646,3,0.0
209,3,edge_75,True,0.2806508780770633,0.02282756966353163,0.32076231969404034,0.8749496460331206,659728230,646,3,0.0
209,4,edge_100,False,0.35367880154276204,0.008305132071380998,0.32076231969404034,1.1026195404750756,659728230,646,3,0.0
209,5,cloud,False,0.49825377253042447,0.008154063265212268,0.32076231969404034,1.5533425902571245,659728230,646,3,0.0
210,0,local,False,1.149086574,0.11490865739999999,0.6823102144844597,1.6841116395541982,1149086574,2271,3,0.0
210,1,edge_25,False,0.8918149305,0.0910661572861239,0.6823102144844597,1.307052000055192,1149086574,2271,3,0.0
210,2,edge_50,True,0.604543287,0.0675676014451303,0.6823102144844597,0.8860240901666424,1149086574,2271,3,0.0
210,3,edge_75,True,0.4909440266096088,0.043745445029804396,0.6823102144844597,0.7195319902700804,1149086574,2271,3,0.0
210,4,edge_100,True,0.6242448798227886,0.01960079641139434,0.6823102144844597,0.9148989221778775,1149086574,2271,3,0.0
210,5,cloud,True,0.6194167207657171,0.019799702982858543,0.6823102144844597,0.9078227287477094,1149086574,2271,3,0.0
211,0,local,False,0.719359764,0.07193597639999999,0.5809036571008619,1.238346075475125,719359764,1329,1,0.0
211,1,edge_25,False,0.5889588815361241,0.05616837129517708,0.5809036571008619,1.013866713243748,719359764,1329,1,0.0
211,2,edge_50,True,0.409118940536124,0.040493098323359206,0.5809036571008619,0.7042801943749667,719359764,1329,1,0.0
211,3,edge_75,True,0.33241194174069,0.02459047995228298,0.5809036571008619,0.5722324824045195,719359764,1329,1,0.0
211,4,edge_100,True,0.39463106639193235,0.008823756952144463,0.5809036571008619,0.6793399586455225,719359764,1329,1,0.0
211,5,cloud,True,0.5118560258456547,0.00899203652282736,0.5809036571008619,0.8811375511047636,719359764,1329,1,0.0
212,0,local,True,0.04,0.003999999999999999,0.11999999999534339,0.33333333334626836,40000000,106,0,0.0
212,1,edge_25,True,0.041736704,0.003264505024146342,0.11999999999534339,0.34780586668016333,40000000,106,0,0.0
212,2,edge_50,True,0.031736704000000004,0.0025285706546121756,0.11999999999534339,0.26447253334359627,40000000,106,0,0.0
212,3,edge_75,True,0.028323335402988953,0.0017933157014944758,0.11999999999534339,0.236027795034067,40000000,106,0,0.0
212,4,edge_100,True,0.026222107673697276,0.0010571306368486382,0.11999999999534339,0.2185175639559569,40000000,106,0,0.0
212,5,cloud,False,0.36006003139340936,0.0010300156967046957,0.11999999999534339,3.0005002617281793,40000000,106,0,0.0
213,0,local,True,0.04,0.003999999999999999,0.11999999999534339,0.33333333334626836,40000000,70,0,0.0
213,1,edge_25,True,0.04114688,0.0031859939360248694,0.11999999999534339,0.34289066667997253,40000000,70,0,0.0
213,2,edge_50,True,0.031146880000000002,0.002360346621341981,0.11999999999534339,0.25955733334340547,40000000,70,0,0.0
213,3,edge_75,True,0.02725534458495848,0.0015542322924792383,0.11999999999534339,0.22712787155013436,40000000,70,0,0.0
213,4,edge_100,True,0.02537982658826362,0.0007392092941318098,0.11999999999534339,0.21149855491040406,40000000,70,0,0.0
213,5,cloud,False,0.35945833583906306,0.0007291679195315246,0.11999999999534339,2.9954861321084323,40000000,70,0,0.0
214,0,local,False,1.547268264,0.1547268264,0.6435487876879051,2.404275003856214,1547268264,2271,3,0.0
214,1,edge_25,False,1.190451198,0.12258326454530058,0.6435487876879051,1.8498227652280503,1547268264,2271,3,0.0
214,2,edge_50,False,0.803634132,0.09007567885554699,0.6435487876879051,1.2487540142639966,1547268264,2271,3,0.0
214,3,edge_75,False,0.648045143738098,0.05759147896904897,0.6435487876879051,1.0069868145760121,1547268264,2271,3,0.0
214,4,edge_100,False,0.8366651264747069,0.02626549723735352,0.6435487876879051,1.3000803396438925,1547268264,2271,3,0.0
214,5,cloud,False,0.7109233534495606,0.025734850324780328,0.6435487876879051,1.1046922425317804,1547268264,2271,3,0.0
215,0,local,True,0.057051497,0.0057051496999999994,0.11999999999534339,0.47542914168511574,57051497,106,0,0.0
215,1,edge_25,True,0.05452532675,0.004613466612850554,0.11999999999534339,0.45437772293429884,57051497,106,0,0.0
215,2,edge_50,True,0.040262452500000004,0.003523234167297974,0.11999999999534339,0.33552043751301996,57051497,106,0,0.0
215,3,edge_75,True,0.03520003959032463,0.002460799532662315,0.11999999999534339,0.2933336632640881,57051497,106,0,0.0
215,4,edge_100,True,0.03538684187678877,0.0013766234883943829,0.11999999999534339,0.29489034898468297,57051497,106,0,0.0
215,5,cloud,False,0.3640987112193529,0.0013442059096764698,0.11999999999534339,3.0341559269456817,57051497,106,0,0.0
216,0,local,False,1.223274507,0.12232745069999999,0.6377854860620573,1.918003049196033,1223274507,2271,3,0.0
216,1,edge_25,False,0.94745588025,0.09753864127537626,0.6377854860620573,1.4855400459172747,1223274507,2271,3,0.0
216,2,edge_50,False,0.6416372535,0.07252748711617078,0.6377854860620573,1.0060392836182666,1223274507,2271,3,0.0
216,3,edge_75,True,0.5226356124228795,0.04753569882393973,0.6377854860620573,0.8194535997516043,1223274507,2271,3,0.0
216,4,edge_100,False,0.6675910661883182,0.022726906344159154,0.6377854860620573,1.0467329231812603,1223274507,2271,3,0.0
216,5,cloud,False,0.6405966508305505,0.022970874715275272,0.6377854860620573,1.0044076963648867,1223274507,2271,3,0.0
217,0,local,False,0.597466489,0.0597466489,0.29050386196468025,2.0566559251891823,597466489,646,3,0.0
217,1,edge_25,False,0.488122989286124,0.045883381520321856,0.29050386196468025,1.6802633396504398,597466489,646,3,0.0
217,2,edge_50,False,0.338756367036124,0.0320217841451238,0.29050386196468025,1.166099358353144,597466489,646,3,0.0
217,3,edge_75,True,0.270568161688728,0.018184215113801982,0.29050386196468025,0.9313754380367719,597466489,646,3,0.0
217,4,edge_100,False,0.32151427903052815,0.0043864708214423585,0.29050386196468025,1.106747004518715,597466489,646,3,0.0
217,5,cloud,False,0.4782681892069771,0.004387445703488562,0.29050386196468025,1.6463402103243827,597466489,646,3,0.0
218,0,local,False,1.254521751,0.12545217509999998,0.6498022317973664,1.9306208714149333,1254521751,2271,3,0.0
218,1,edge_25,False,0.97089131325,0.10068290683616782,0.6498022317973664,1.494133546701578,1254521751,2271,3,0.0
218,2,edge_50,False,0.6572608755,0.07536506809189075,0.6498022317973664,1.0114783288478448,1254521751,2271,3,0.0
218,3,edge_75,True,0.5400479991889062,0.05116421505695313,0.6498022317973664,0.8310959439076137,1254521751,2271,3,0.0
218,4,edge_100,False,0.6886503421189932,0.025444733309496658,0.6498022317973664,1.0597845135344828,1254521751,2271,3,0.0
218,5,cloud,False,0.6513259152674082,0.025210782533704162,0.6498022317973664,1.002344841854155,1254521751,2271,3,0.0
219,0,local,False,0.701815665,0.07018156649999999,0.475914597598603,1.4746672376541117,701815665,1031,1,0.0
219,1,edge_25,False,0.5532536527499999,0.06016536731956113,0.475914597598603,1.1625061629578894,701815665,1031,1,0.0
219,2,edge_50,True,0.37779973650000004,0.050155318669142586,0.475914597598603,0.7938393535443617,701815665,1031,1,0.0
219,3,edge_75,True,0.33351799199156296,0.039267998433281465,0.475914597598603,0.7007937845875017,701815665,1031,1,0.0
219,4,edge_100,True,0.4179915912883342,0.028835796194167082,0.475914597598603,0.8782911753441899,701815665,1031,1,0.0
219,5,cloud,False,0.5445837690843048,0.027110318042152443,0.475914597598603,1.1442888531517978,701815665,1031,1,0.0
220,0,local,True,0.091808572,0.0091808572,0.1380518172372831,0.6650297970522161,91808572,106,0,0.0
220,1,edge_25,True,0.080593133,0.007205031392277369,0.1380518172372831,0.5837890048305321,91808572,106,0,0.0
220,2,edge_50,True,0.05764099,0.0052428063518389955,0.1380518172372831,0.4175315555674781,91808572,106,0,0.0
220,3,edge_75,True,0.04811227086629748,0.0032688904831487393,0.1380518172372831,0.3485087833621359,91808572,106,0,0.0
220,4,edge_100,True,0.052704700684934366,0.001346284142467184,0.1380518172372831,0.3817747693559561,91808572,106,0,0.0
220,5,cloud,False,0.37101778654057277,0.0013280360702864022,0.1380518172372831,2.6875255535598517,91808572,106,0,0.0
221,0,local,False,1.55482106,0.15548210599999998,0.5544049823947717,2.804486087559849,1554821060,1755,3,0.0
221,1,edge_25,False,1.212842370806129,0.11967016158735969,0.5544049823947717,2.187646953617217,1554821060,1755,3,0.0
221,2,edge_50,False,0.8241371058061291,0.08382573347545048,0.5544049823947717,1.486525431727255,1554821060,1755,3,0.0
221,3,edge_75,False,0.6485617843687724,0.04825918203132169,0.5544049823947717,1.169833975097567,1554821060,1755,3,0.0
221,4,edge_100,False,0.8182327504984076,0.012233959483131211,0.5544049823947717,1.4758755359016125,1554821060,1755,3,0.0
221,5,cloud,False,0.6854864711897124,0.012261129594856202,0.5544049823947717,1.2364363469980548,1554821060,1755,3,0.0
222,0,local,False,0.608225949,0.06082259489999999,0.296123105508741,2.0539631581772886,608225949,646,3,0.0
222,1,edge_25,False,0.47675352575,0.047683218576684734,0.296123105508741,1.6099842156218611,608225949,646,3,0.0
222,2,edge_50,False,0.32469703850000003,0.03458686098808824,0.296123105508741,1.0964934260775392,608225949,646,3,0.0
222,3,edge_75,True,0.2608862140237313,0.02131435829936564,0.296123105508741,0.8810059369583048,608225949,646,3,0.0
222,4,edge_100,False,0.3280901722441855,0.008386387672092745,0.296123105508741,1.1079519501881656,608225949,646,3,0.0
222,5,cloud,False,0.48814223346000585,0.008248521830002941,0.296123105508741,1.6484435843713547,608225949,646,3,0.0
223,0,local,True,0.04,0.003999999999999999,0.11999999999534339,0.33333333334626836,40000000,49,0,0.0
223,1,edge_25,True,0.040802816,0.003116049986743009,0.11999999999534339,0.34002346667986133,40000000,49,0,0.0
223,2,edge_50,True,0.030802816,0.002226402145472644,0.11999999999534339,0.2566901333432942,40000000,49,0,0.0
223,3,edge_75,True,0.02649618716211729,0.0013466855810586452,0.11999999999534339,0.22080155969287898,40000000,49,0,0.0
223,4,edge_100,True,0.024689333199983655,0.00045417379999182923,0.11999999999534339,0.20574444334118105,40000000,49,0,0.0
223,5,cloud,False,0.35891996433218454,0.0004599821660922656,0.11999999999534339,2.9909997028842708,40000000,49,0,0.0
224,0,local,False,1.064984452,0.10649844519999999,0.6715224154177122,1.5859253951151275,1064984452,1031,1,0.0
224,1,edge_25,False,0.825630243,0.08331316824107197,0.6715224154177122,1.2294902210917664,1064984452,1031,1,0.0
224,2,edge_50,True,0.55938413,0.06002967757345874,0.6715224154177122,0.8330088723129846,1064984452,1031,1,0.0
224,3,edge_75,True,0.44636116202028375,0.036674655560141864,0.6715224154177122,0.664700316433414,1064984452,1031,1,0.0
224,4,edge_100,True,0.5701386800152889,0.014117143807644462,0.6715224154177122,0.8490240488258924,1064984452,1031,1,0.0
224,5,cloud,True,0.5897875147849726,0.013395312192486306,0.6715224154177122,0.8782841812035457,1064984452,1031,1,0.0
225,0,local,False,0.635993053,0.06359930529999999,0.3305497704714071,1.9240462702272971,635993053,405,1,0.0
225,1,edge_25,False,0.49363030975,0.04866159065141476,0.3305497704714071,1.4933615263021323,635993053,405,1,0.0
225,2,edge_50,False,0.3346320465,0.03376820630416459,0.3305497704714071,1.012349958745308,635993053,405,1,0.0
225,3,edge_75,True,0.2609559156381684,0.01881132670658419,0.3305497704714071,0.7894602838961625,635993053,405,1,0.0
225,4,edge_100,False,0.33157502121265714,0.003878031356328572,0.3305497704714071,1.003101653163419,635993053,405,1,0.0
225,5,cloud,False,0.4851034711717831,0.0039524302858915394,0.3305497704714071,1.4675655967933732,635993053,405,1,0.0
226,0,local,True,0.08602321,0.008602321,0.11999999999534339,0.7168600833611511,86023210,106,0,0.0
226,1,edge_25,True,0.0762541115,0.006783169722828477,0.11999999999534339,0.6354509291913254,86023210,106,0,0.0
226,2,edge_50,True,0.054748309,0.0049677257218142985,0.11999999999534339,0.4562359083510376,86023210,106,0,0.0
226,3,edge_75,True,0.0459511638332473,0.003128458291623651,0.11999999999534339,0.3829263652919203,86023210,106,0,0.0
226,4,edge_100,True,0.049766831609218576,0.001323690104609289,0.11999999999534339,0.41472359675958154,86023210,106,0,0.0
226,5,cloud,False,0.3698050142280334,0.0013001861140167163,0.11999999999534339,3.0817084520198645,86023210,106,0,0.0
227,0,local,False,1.471033287,0.14710332869999998,0.5737206414050888,2.564023639444659,1471033287,1755,3,0.0
227,1,edge_25,False,1.1438938772422405,0.11370752436320694,0.5737206414050888,1.9938168416613888,1471033287,1755,3,0.0
227,2,edge_50,False,0.7761355554922403,0.08019570763276014,0.5737206414050888,1.352810931800224,1471033287,1755,3,0.0
227,3,edge_75,False,0.6123462422699291,0.04682075600134438,0.5737206414050888,1.0673247536819366,1471033287,1755,3,0.0
227,4,edge_100,False,0.7765285448397975,0.013397641071256704,0.5737206414050888,1.3534959156045274,1471033287,1755,3,0.0
227,5,cloud,False,0.670853331062658,0.013323336831329004,0.5737206414050888,1.169303111388294,1471033287,1755,3,0.0
228,0,local,True,0.04,0.003999999999999999,0.11999999999534339,0.33333333334626836,40000000,106,0,0.0
228,1,edge_25,True,0.041736704,0.003231291788689064,0.11999999999534339,0.34780586668016333,40000000,106,0,0.0
228,2,edge_50,True,0.031736704000000004,0.002464480083607612,0.11999999999534339,0.26447253334359627,40000000,106,0,0.0
228,3,edge_75,True,0.028118189401319226,0.0016907427006596126,0.11999999999534339,0.2343182450200863,40000000,106,0,0.0
228,4,edge_100,True,0.025942920044807524,0.0009175368224037621,0.11999999999534339,0.21619100038178535,40000000,106,0,0.0
228,5,cloud,False,0.35982424042210676,0.0009121202110533973,0.11999999999534339,2.9985353369672483,40000000,106,0,0.0
229,0,local,False,1.578551886,0.15785518859999997,0.6230665651528398,2.5335204523657557,1578551886,2271,3,0.0
229,1,edge_25,False,1.2139139145,0.12416306485647402,0.6230665651528398,1.9482892878423415,1578551886,2271,3,0.0
229,2,edge_50,False,0.8192759430000001,0.09057129016858899,0.6230665651528398,1.3149091747509027,1578551886,2271,3,0.0
229,3,edge_75,False,0.6567092120725561,0.056839924561277996,0.6230665651528398,1.0539952692076546,1578551886,2271,3,0.0
229,4,edge_100,False,0.8467127008771052,0.02346837893855259,0.6230665651528398,1.3589442095475055,1578551886,2271,3,0.0
229,5,cloud,False,0.7130481718326211,0.023668897316310576,0.6230665651528398,1.144417325069768,1578551886,2271,3,0.0
230,0,local,True,0.088147079,0.0088147079,0.12836249422980472,0.6867043175570592,88147079,106,0,0.0
230,1,edge_25,True,0.07784701325,0.006882374510763093,0.12836249422980472,0.6064622981743569,88147079,106,0,0.0
230,2,edge_50,True,0.0558102435,0.004966789380410793,0.12836249422980472,0.4347862187850921,88147079,106,0,0.0
230,3,edge_75,True,0.04642222919417943,0.0030188622595897154,0.12836249422980472,0.3616494792557604,88147079,106,0,0.0
230,4,edge_100,True,0.05032898192591895,0.0010737980129594711,0.12836249422980472,0.3920847925860338,88147079,106,0,0.0
230,5,cloud,False,0.3698596903303349,0.0011151372651674615,0.12836249422980472,2.881368834016132,88147079,106,0,0.0
231,0,local,False,1.311752453,0.1311752453,0.6979808658652473,1.8793530269255947,1311752453,2662,3,0.0
231,1,edge_25,False,1.01381433975,0.10655465125297199,0.6979808658652473,1.452495891120499,1311752453,2662,3,0.0
231,2,edge_50,True,0.6858762265,0.0812283057593066,0.6979808658652473,0.9826576343891005,1311752453,2662,3,0.0
231,3,edge_75,True,0.5705152506371836,0.057097851706091794,0.6979808658652473,0.8173794992645653,1311752453,2662,3,0.0
231,4,edge_100,False,0.7317485656102999,0.03268616955514998,0.6979808658652473,1.0483791195381733,1311752453,2662,3,0.0
231,5,cloud,True,0.6750482148459886,0.031348862122994335,0.6979808658652473,0.9671442984460178,1311752453,2662,3,0.0
232,0,local,True,0.04,0.003999999999999999,0.11999999999534339,0.33333333334626836,40000000,49,0,0.0
232,1,edge_25,True,0.040802816,0.0031051931291086526,0.11999999999534339,0.34002346667986133,40000000,49,0,0.0
232,2,edge_50,True,0.030802816,0.0022173335750618026,0.11999999999534339,0.2566901333432942,40000000,49,0,0.0
232,3,edge_75,True,0.026437539544467342,0.0013173617722336706,0.11999999999534339,0.2203128295457771,40000000,49,0,0.0
232,4,edge_100,True,0.024654909273679786,0.0004369618368398945,0.11999999999534339,0.2054575772886377,40000000,49,0,0.0
232,5,cloud,False,0.3588486085838348,0.00042430429191742233,0.11999999999534339,2.990405071648,40000000,49,0,0.0
233,0,local,False,1.654694204,0.16546942039999998,0.7799345514213201,2.121580844167699,1654694204,2271,3,0.0
233,1,edge_25,False,1.2710206530000001,0.12942549886488244,0.7799345514213201,1.6296503991055984,1654694204,2271,3,0.0
233,2,edge_50,False,0.857347102,0.09371959944841467,0.7799345514213201,1.0992551880636734,1654694204,2271,3,0.0
233,3,edge_75,True,0.6836355106861381,0.057929947193069056,0.7799345514213201,0.8765293311346567,1654694204,2271,3,0.0
233,4,edge_100,False,0.8805440490207872,0.021348473510393665,0.7799345514213201,1.128997359350372,1654694204,2271,3,0.0
233,5,cloud,True,0.7236509415176382,0.021356050358819087,0.7799345514213201,0.9278354705518393,1654694204,2271,3,0.0
234,0,local,False,1.237329398,0.12373293979999998,0.564475693681743,2.1919976570286455,1237329398,2271,3,0.0
234,1,edge_25,False,0.9579970485,0.10052042999799471,0.564475693681743,1.6971449067214013,1237329398,2271,3,0.0
234,2,edge_50,False,0.648664699,0.07742241572515489,0.564475693681743,1.14914549246424,1237329398,2271,3,0.0
234,3,edge_75,True,0.5392062863711422,0.05353711601057112,0.564475693681743,0.955233843381664,1237329398,2271,3,0.0
234,4,edge_100,False,0.6909931734391268,0.030914237219563448,0.564475693681743,1.224132732681871,1237329398,2271,3,0.0
234,5,cloud,False,0.6589092887570736,0.030721704578536773,0.564475693681743,1.1672943514350382,1237329398,2271,3,0.0
235,0,local,False,0.678899213,0.06788992129999999,0.48146952989918645,1.4100564435347607,678899213,1031,1,0.0
235,1,edge_25,False,0.5360663137499999,0.05383850739045663,0.48146952989918645,1.1133961350830348,678899213,1031,1,0.0
235,2,edge_50,True,0.3663415105,0.03963971778760053,0.48146952989918645,0.7608820241993449,678899213,1031,1,0.0
235,3,edge_75,True,0.29872159504387774,0.02559372340943887,0.48146952989918645,0.6204371751342732,678899213,1031,1,0.0
235,4,edge_100,True,0.3723036197135943,0.011720923406797182,0.48146952989918645,0.7732651737931369,678899213,1031,1,0.0
235,5,cloud,False,0.5090239878007562,0.011622072600378097,0.48146952989918645,1.0572299100782956,678899213,1031,1,0.0
236,0,local,False,1.22713376,0.12271337599999999,0.5447886489273515,2.2524950958800916,1227133760,2271,3,0.0
236,1,edge_25,False,0.9503503200000001,0.09787251281339526,0.5447886489273515,1.7444385485475322,1227133760,2271,3,0.0
236,2,edge_50,False,0.6435668800000001,0.07293285441146288,0.5447886489273515,1.1813147745775094,1227133760,2271,3,0.0
236,3,edge_75,True,0.5243514447518685,0.04776648637593421,0.5447886489273515,0.9624859948610854,1227133760,2271,3,0.0
236,4,edge_100,False,0.669973222025841,0.02295317101292048,0.5447886489273515,1.2297855752776212,1227133760,2271,3,0.0
236,5,cloud,False,0.6419953816925902,0.023284314846295128,0.5447886489273515,1.1784301727956916,1227133760,2271,3,0.0
237,0,local,False,1.08246073,0.10824607299999998,0.6153274481039261,1.7591621068351513,1082460730,1031,1,0.0
237,1,edge_25,False,0.8387374515,0.08460114735634464,0.6153274481039261,1.3630749840340957,1082460730,1031,1,0.0
237,2,edge_50,True,0.568122269,0.06086179237791929,0.6153274481039261,0.9232844573253078,1082460730,1031,1,0.0
237,3,edge_75,True,0.4530009641910927,0.037154661470546316,0.6153274481039261,0.7361949569891165,1082460730,1031,1,0.0
237,4,edge_100,True,0.5779671684056802,0.013662318502840129,0.6153274481039261,0.9392839051575415,1082460730,1031,1,0.0
237,5,cloud,True,0.5930370539628339,0.013272453981416979,0.6153274481039261,0.9637747443092649,1082460730,1031,1,0.0
238,0,local,False,0.910536443,0.09105364429999999,0.6255551580252359,1.4555653987002495,910536443,1329,1,0.0
238,1,edge_25,False,0.729628908056129,0.07062497504002152,0.6255551580252359,1.1663702212278693,910536443,1329,1,0.0
238,2,edge_50,True,0.5019947973061291,0.05017641968230916,0.6255551580252359,0.8024788715528068,910536443,1329,1,0.0
238,3,edge_75,True,0.40217469313591386,0.02976188667739244,0.6255551580252359,0.6429084437661843,910536443,1329,1,0.0
238,4,edge_100,True,0.4904635455343098,0.009420511251082337,0.6255551580252359,0.7840452424413128,910536443,1329,1,0.0
238,5,cloud,True,0.5507066772328499,0.00929969431642496,0.6255551580252359,0.8803487113291991,910536443,1329,1,0.0
239,0,local,False,1.114042664,0.1114042664,0.5460824563488131,2.040063091293303,1114042664,1031,3,0.0
239,1,edge_25,False,0.862423902,0.08646049495105712,0.5460824563488131,1.5792924529498564,1114042664,1031,3,0.0
239,2,edge_50,False,0.583913236,0.061508538107274885,0.5460824563488131,1.0692766801265305,1114042664,1031,3,0.0
239,3,edge_75,True,0.4617053041916053,0.03637476719580265,0.5460824563488131,0.8454864257655048,1114042664,1031,3,0.0
239,4,edge_100,False,0.5898680097761108,0.011717255688055353,0.5460824563488131,1.0801812124125982,1114042664,1031,3,0.0
239,5,cloud,False,0.5958935293950668,0.011542498297533422,0.5460824563488131,1.0912152962746646,1114042664,1031,3,0.0
240,0,local,False,1.062760107,0.10627601069999999,0.6535420843138127,1.6261540496138764,1062760107,1031,1,0.0
240,1,edge_25,False,0.82396198425,0.08260141698345899,0.6535420843138127,1.260763467306195,1062760107,1031,1,0.0
240,2,edge_50,True,0.5582719574999999,0.05908638599891826,0.6535420843138127,0.8542249549027257,1062760107,1031,1,0.0
240,3,edge_75,True,0.44317525857523526,0.0354431599001176,0.6535420843138127,0.6781128089716635,1062760107,1031,1,0.0
240,4,edge_100,True,0.5641705535349125,0.0116891668174563,0.6535420843138127,0.8632505343971293,1062760107,1031,1,0.0
240,5,cloud,True,0.5859713787389378,0.011709678669468931,0.6535420843138127,0.8966084859771183,1062760107,1031,1,0.0
241,0,local,False,1.625058113,0.1625058113,0.9045894886075985,1.7964592043860608,1625058113,2662,3,0.0
241,1,edge_25,False,1.24879358475,0.13064218808956646,0.9045894886075985,1.3805086179723605,1625058113,2662,3,0.0
241,2,edge_50,True,0.8425290565,0.09819717659962615,0.9045894886075985,0.9313938168758451,1625058113,2662,3,0.0
241,3,edge_75,True,0.6920522787562023,0.06695419601560117,0.9045894886075985,0.7650456781467283,1625058113,2662,3,0.0
241,4,edge_100,True,0.8917604371150073,0.0343656903075037,0.9045894886075985,0.9858178194040941,1625058113,2662,3,0.0
241,5,cloud,True,0.7411721856752167,0.033080281537608364,0.9045894886075985,0.8193464494221306,1625058113,2662,3,0.0
242,0,local,False,1.094770722,0.10947707219999998,0.7459913724742364,1.4675380472148947,1094770722,1031,0,0.0
242,1,edge_25,False,0.8479699454999999,0.0852266179814474,0.7459913724742364,1.1367020810006558,1094770722,1031,0,0.0
242,2,edge_50,True,0.574277265,0.060648896127510676,0.7459913724742364,0.7698175691969323,1094770722,1031,0,0.0
242,3,edge_75,True,0.45579312704240965,0.03655036919620482,0.7459913724742364,0.6109898101511233,1094770722,1031,0,0.0
242,4,edge_100,True,0.581088964821443,0.012145718710721492,0.7459913724742364,0.778948639706301,1094770722,1031,0,0.0
242,5,cloud,True,0.5934094181049594,0.012227636852479724,0.7459913724742364,0.795464183636324,1094770722,1031,0,0.0
243,0,local,True,0.04,0.003999999999999999,0.11999999999534339,0.33333333334626836,40000000,106,0,0.0
243,1,edge_25,True,0.041736704,0.0032727708488761746,0.11999999999534339,0.34780586668016333,40000000,106,0,0.0
243,2,edge_50,True,0.031736704000000004,0.0025516497800654563,0.11999999999534339,0.26447253334359627,40000000,106,0,0.0
243,3,edge_75,True,0.028423155571950718,0.0018432257859753586,0.11999999999534339,0.23685962977544733,40000000,106,0,0.0
243,4,edge_100,True,0.026357930828763906,0.0011250422143819529,0.11999999999534339,0.21964942358155606,40000000,106,0,0.0
243,5,cloud,False,0.36023933715689727,0.0011196685784486348,0.11999999999534339,3.00199447642397,40000000,106,0,0.0
244,0,local,False,0.862034372,0.0862034372,0.5357955138606485,1.6088868788554298,862034372,1329,2,0.0
244,1,edge_25,False,0.6845411915016383,0.06720500596218702,0.5357955138606485,1.2776165044182808,862034372,1329,2,0.0
244,2,edge_50,True,0.46903259850163825,0.04839275444123753,0.5357955138606485,0.8753947847044233,862034372,1329,2,0.0
244,3,edge_75,True,0.37694291962477694,0.02938316811156936,0.5357955138606485,0.7035201114483641,862034372,1329,2,0.0
244,4,edge_100,True,0.4651375862813827,0.010407502952904648,0.5357955138606485,0.8681251974841231,862034372,1329,2,0.0
244,5,cloud,False,0.543071651192831,0.010332388396415497,0.5357955138606485,1.0135800639310222,862034372,1329,2,0.0
245,0,local,False,0.238250928,0.0238250928,0.21103616898471955,1.128957794989403,238250928,646,2,0.0
245,1,edge_25,True,0.19927225999999998,0.02000626366134546,0.21103616898471955,0.9442564322442218,238250928,646,2,0.0
245,2,edge_50,True,0.139709528,0.016087112071724093,0.21103616898471955,0.6620169834968712,238250928,646,2,0.0
245,3,edge_75,True,0.12210560758944243,0.012044995994721214,0.21103616898471955,0.57860038010017,238250928,646,2,0.0
245,4,edge_100,True,0.1427531974317598,0.0082116555158799,0.21103616898471955,0.6764394848453494,238250928,646,2,0.0
245,5,cloud,False,0.41441996830316236,0.008384891351581178,0.21103616898471955,1.9637390609245242,238250928,646,2,0.0
246,0,local,True,0.04,0.003999999999999999,0.11999999999534339,0.33333333334626836,40000000,71,0,0.0
246,1,edge_25,True,0.041163264,0.0031561050334823547,0.11999999999534339,0.3430272000133112,40000000,71,0,0.0
246,2,edge_50,True,0.031163264000000003,0.002317964666509095,0.11999999999534339,0.25969386667674416,40000000,71,0,0.0
246,3,edge_75,True,0.027084053293142014,0.001460394646571008,0.11999999999534339,0.2257004441182751,40000000,71,0,0.0
246,4,edge_100,True,0.025174047463703823,0.0006334525318519106,0.11999999999534339,0.2097837288723392,40000000,71,0,0.0
246,5,cloud,False,0.3592439876231276,0.0006219938115637914,0.11999999999534339,2.9936998969755675,40000000,71,0,0.0
247,0,local,False,1.464430785,0.1464430785,0.6148146844934672,2.3819059985636377,1464430785,1755,3,0.0
247,1,edge_25,False,1.12832308875,0.11530672303262168,0.6148146844934672,1.8352246899886613,1464430785,1755,3,0.0
247,2,edge_50,False,0.7622153925,0.08442829453803816,0.6148146844934672,1.2397481903477519,1464430785,1755,3,0.0
247,3,edge_75,True,0.61186372588856,0.05296186038177997,0.6148146844934672,0.9952002470348631,1464430785,1755,3,0.0
247,4,edge_100,False,0.7853525651990693,0.021318586349534662,0.6148146844934672,1.2773809491003043,1464430785,1755,3,0.0
247,5,cloud,False,0.6879234126319058,0.022518627815952957,0.6148146844934672,1.1189118119367487,1464430785,1755,3,0.0
248,0,local,True,0.04,0.003999999999999999,0.11999999999534339,0.33333333334626836,40000000,106,0,0.0
248,1,edge_25,True,0.04975211650163828,0.0032108214130439263,0.11999999999534339,0.4146009708630743,40000000,106,0,0.0
248,2,edge_50,True,0.03975211650163828,0.002418596478997647,0.11999999999534339,0.3312676375265072,40000000,106,0,0.0
248,3,edge_75,True,0.03598286571930852,0.0016153746088351196,0.11999999999534339,0.299857214339207,40000000,106,0,0.0
248,4,edge_100,True,0.028593101801348688,0.0008399305128876452,0.11999999999534339,0.2382758483538187,40000000,106,0,0.0
248,5,cloud,False,0.35964343866108583,0.0008217193305429142,0.11999999999534339,2.9970286556253485,40000000,106,0,0.0
249,0,local,False,1.75937918,0.17593791799999997,0.876618095964659,2.007007598974924,1759379180,2271,3,0.0
249,1,edge_25,False,1.3499763713382409,0.13674545664375626,0.876618095964659,1.5399823224647022,1759379180,2271,3,0.0
249,2,edge_50,False,0.9101315763382407,0.09760028108913806,0.876618095964659,1.038230422720971,1759379180,2271,3,0.0
249,3,edge_75,True,0.7192605036927828,0.05851014192727106,0.876618095964659,0.8204947023153626,1759379180,2271,3,0.0
249,4,edge_100,False,0.9285771718921311,0.019116443336873404,0.876618095964659,1.0592721918092447,1759379180,2271,3,0.0
249,5,cloud,True,0.7396659360310063,0.018895050015503134,0.876618095964659,0.843772150536151,1759379180,2271,3,0.0
2250,0,local,True,0.098050086,0.0098050086,0.16511230362812057,0.593838762136324,98050086,106,0,0.0
2250,1,edge_25,True,0.0852742685,0.007701418578229213,0.16511230362812057,0.5164622298048829,98050086,106,0,0.0
2250,2,edge_50,True,0.060761747,0.005592126325808019,0.16511230362812057,0.36800253927080184,98050086,106,0,0.0
2250,3,edge_75,True,0.050580429845493234,0.0034887239477466173,0.16511230362812057,0.3063395563750029,98050086,106,0,0.0
2250,4,edge_100,True,0.05600372889983492,0.001435419749917458,0.16511230362812057,0.33918567949951867,98050086,106,0,0.0
2250,5,cloud,False,0.3723354727983643,0.0013627277991821664,0.16511230362812057,2.2550437769735727,98050086,106,0,0.0
2251,0,local,False,1.229245035,0.12292450349999999,0.6855575207155198,1.7930589306598677,1229245035,2271,3,0.0
2251,1,edge_25,False,0.9711770183504987,0.09600947065870595,0.6855575207155198,1.4166236807334218,1229245035,2271,3,0.0
2251,2,edge_50,True,0.6638657596004988,0.06920734260733685,0.6855575207155198,0.968358948068455,1229245035,2271,3,0.0
2251,3,edge_75,True,0.5331885192333733,0.042220320378937255,0.6855575207155198,0.7777443950682384,1229245035,2271,3,0.0
2251,4,edge_100,True,0.6622971377163591,0.015219742740592299,0.6855575207155198,0.9660708513927705,1229245035,2271,3,0.0
2251,5,cloud,True,0.6265861416994392,0.015368567349719604,0.6855575207155198,0.9139804068453192,1229245035,2271,3,0.0
2252,0,local,False,1.274915882,0.12749158819999998,0.6237935694516636,2.0438105559836015,1274915882,2271,3,0.0
2252,1,edge_25,False,0.9861869115,0.10199562255455251,0.6237935694516636,1.580950750048438,1274915882,2271,3,0.0
2252,2,edge_50,False,0.667457941,0.0766570865798041,0.6237935694516636,1.0699981110525376,1274915882,2271,3,0.0
2252,3,edge_75,True,0.5454682823459968,0.05056031034799835,0.6237935694516636,0.874437168093096,1274915882,2271,3,0.0
2252,4,edge_100,False,0.7000209191723856,0.026031489086192856,0.6237935694516636,1.1221996401593695,1274915882,2271,3,0.0
2252,5,cloud,False,0.6553388617130909,0.025177842656545445,0.6237935694516636,1.0505700824860325,1274915882,2271,3,0.0
2253,0,local,True,0.051965594,0.005196559399999999,0.11999999999534339,0.43304661668347105,51965594,106,0,0.0
2253,1,edge_25,True,0.0507108995,0.004177285877049996,0.11999999999534339,0.4225908291830654,51965594,106,0,0.0
2253,2,edge_50,True,0.037719501,0.0031559630303335928,0.11999999999534339,0.3143291750121976,51965594,106,0,0.0
2253,3,edge_75,True,0.032906932383638864,0.0021407051668194304,0.11999999999534339,0.2742244365409652,51965594,106,0,0.0
2253,4,edge_100,True,0.032383626246106204,0.0011464914230531037,0.11999999999534339,0.2698635520613571,51965594,106,0,0.0
2253,5,cloud,False,0.3626613111066644,0.0011340961533322035,0.11999999999534339,3.0221775926728123,51965594,106,0,0.0
2254,0,local,False,0.629480073,0.0629480073,0.42603973823133856,1.4775149276291073,629480073,646,0,0.0
2254,1,edge_25,False,0.49269411875,0.04930997554500268,0.42603973823133856,1.1564510878618282,629480073,646,0,0.0
2254,2,edge_50,True,0.3353241005,0.0358003947686942,0.42603973823133856,0.7870723559545514,629480073,646,0,0.0
2254,3,edge_75,True,0.26947751582278245,0.02215621404889124,0.42603973823133856,0.6325173255938318,629480073,646,0,0.0
2254,4,edge_100,True,0.339319894264468,0.008687717682234005,0.42603973823133856,0.7964512786368724,629480073,646,0,0.0
2254,5,cloud,False,0.4925444769021746,0.00832423115108732,0.42603973823133856,1.1560998486829512,629480073,646,0,0.0
2255,0,local,True,0.04,0.003999999999999999,0.11999999999534339,0.33333333334626836,40000000,49,0,0.0
2255,1,edge_25,True,0.040802816,0.0031300980992158087,0.11999999999534339,0.34002346667986133,40000000,49,0,0.0
2255,2,edge_50,True,0.030802816,0.002271194513916131,0.11999999999534339,0.2566901333432942,40000000,49,0,0.0
2255,3,edge_75,True,0.0265864168186465,0.0013918004093232495,0.11999999999534339,0.22155347349731824,40000000,49,0,0.0
2255,4,edge_100,True,0.024861858962097735,0.0005404366810488691,0.11999999999534339,0.20718215802552084,40000000,49,0,0.0
2255,5,cloud,False,0.35905765617603214,0.0005288280880160618,0.11999999999534339,2.992147134916378,40000000,49,0,0.0
2256,0,local,False,1.50456317,0.15045631699999998,0.7461252908105962,2.0165020386394237,1504563170,2271,3,0.0
2256,1,edge_25,False,1.1584223775,0.11926405295282477,0.7461252908105962,1.5525842532981038,1504563170,2271,3,0.0
2256,2,edge_50,False,0.782281585,0.08768576082992659,0.7461252908105962,1.0484587436382478,1504563170,2271,3,0.0
2256,3,edge_75,True,0.6320406062213968,0.05652878798569839,0.7461252908105962,0.8470971484356777,1504563170,2271,3,0.0
2256,4,edge_100,False,0.8138658879172675,0.02554215145863382,0.7461252908105962,1.0907898417879354,1504563170,2271,3,0.0
2256,5,cloud,True,0.702175955658324,0.025631660829162007,0.7461252908105962,0.9410965749404832,1504563170,2271,3,0.0
2257,0,local,False,3.534007958,0.35340079579999994,1.471983525203541,2.400847494207742,3534007958,2662,3,0.0
2257,1,edge_25,False,2.6805059685,0.2710490177519646,1.471983525203541,1.821016283541182,3534007958,2662,3,0.0
2257,2,edge_50,False,1.797003979,0.18910390730363724,1.471983525203541,1.2208044099892466,3534007958,2662,3,0.0
2257,3,edge_75,True,1.3927514235425167,0.10709941859625835,1.471983525203541,0.9461732415448955,3534007958,2662,3,0.0
2257,4,edge_100,False,1.825673781446302,0.02408490122315094,1.471983525203541,1.240281395944193,3534007958,2662,3,0.0
2257,5,cloud,True,1.1068887887868677,0.02504359859343382,1.471983525203541,0.7519709085288919,3534007958,2662,3,0.0
2258,0,local,False,1.020552789,0.10205527889999999,0.40011285030050203,2.550662364964086,1020552789,355,2,0.0
2258,1,edge_25,False,0.7918498237422404,0.07721819180117792,0.40011285030050203,1.9790662138132455,1020552789,355,2,0.0
2258,2,edge_50,False,0.5367116264922404,0.05238897991048552,0.40011285030050203,1.3414006225722237,1020552789,355,2,0.0
2258,3,edge_75,False,0.4131986669698564,0.027541889276308008,0.40011285030050203,1.032705314661917,1020552789,355,2,0.0
2258,4,edge_100,False,0.52499438020489,0.002732827253802977,0.40011285030050203,1.3121157688652003,1020552789,355,2,0.0
2258,5,cloud,False,0.559597761998625,0.002743602099312508,0.40011285030050203,1.3985998239705195,1020552789,355,2,0.0
2259,0,local,False,1.678522201,0.16785222009999998,0.9703604855458252,1.7297924080820704,1678522201,2662,3,0.0
2259,1,edge_25,False,1.2888916507500001,0.14260686062754846,0.9703604855458252,1.3282606515299331,1678522201,2662,3,0.0
2259,2,edge_50,True,0.8692611005,0.11538212517953225,0.9703604855458252,0.8958125495094156,1678522201,2662,3,0.0
2259,3,edge_75,True,0.7576011570112601,0.09104072084312999,0.9703604855458252,0.7807419699134919,1678522201,2662,3,0.0
2259,4,edge_100,False,0.9838093251294089,0.06702411231470445,0.9703604855458252,1.0138596323571634,1678522201,2662,3,0.0
2259,5,cloud,True,0.8167532477324253,0.06552440376621266,0.9703604855458252,0.8417008523105759,1678522201,2662,3,0.0
2260,0,local,False,0.66951583,0.066951583,0.4475318694021553,1.4960182185335462,669515830,646,0,0.0
2260,1,edge_25,False,0.5227209365000001,0.05785710089598628,0.4475318694021553,1.1680082967013894,669515830,646,0,0.0
2260,2,edge_50,True,0.35534197900000003,0.05133770988319684,0.4475318694021553,0.7940037420680028,669515830,646,0,0.0
2260,3,edge_75,True,0.3184599165109717,0.04014160388048585,0.4475318694021553,0.7115915944408451,669515830,646,0,0.0
2260,4,edge_100,True,0.4095202832525639,0.033778972926281924,0.4475318694021553,0.9150639568968129,669515830,646,0,0.0
2260,5,cloud,False,0.5509943239936752,0.033545578996837605,0.4475318694021553,1.2311845516828386,669515830,646,0,0.0
2261,0,local,True,0.04,0.003999999999999999,0.11999999999534339,0.33333333334626836,40000000,106,0,0.0
2261,1,edge_25,True,0.041736704,0.00324047764969284,0.11999999999534339,0.34780586668016333,40000000,106,0,0.0
2261,2,edge_50,True,0.031736704000000004,0.0024719173615561207,0.11999999999534339,0.26447253334359627,40000000,106,0,0.0
2261,3,edge_75,True,0.028198407385327133,0.0017308516926635665,0.11999999999534339,0.23498672822017813,40000000,106,0,0.0
2261,4,edge_100,True,0.026033019937720232,0.0009625867688601151,0.11999999999534339,0.21694183282275373,40000000,106,0,0.0
2261,5,cloud,False,0.35990374475725007,0.0009518723786250528,0.11999999999534339,2.999197873093468,40000000,106,0,0.0
2262,0,local,True,0.04,0.003999999999999999,0.11999999999534339,0.33333333334626836,40000000,49,0,0.0
2262,1,edge_25,True,0.040802816,0.0031637116545487273,0.11999999999534339,0.34002346667986133,40000000,49,0,0.0
2262,2,edge_50,True,0.030802816,0.0023268055841268566,0.11999999999534339,0.2566901333432942,40000000,49,0,0.0
2262,3,edge_75,True,0.026783451048679137,0.001490317524339568,0.11999999999534339,0.2231954254143206,40000000,49,0,0.0
2262,4,edge_100,True,0.025103763839398104,0.0006613891196990524,0.11999999999534339,0.20919803200310216,40000000,49,0,0.0
2262,5,cloud,False,0.35929338318544274,0.0006466915927213723,0.11999999999534339,2.994111526661543,40000000,49,0,0.0
2263,0,local,False,0.688424104,0.0688424104,0.41308668826241046,1.6665366460869426,688424104,1031,3,0.0
2263,1,edge_25,False,0.5432099819999999,0.057722995146603666,0.41308668826241046,1.31500238917147,688424104,1031,3,0.0
2263,2,edge_50,True,0.371103956,0.047457049270255104,0.41308668826241046,0.8983682276497343,688424104,1031,3,0.0
2263,3,edge_75,True,0.320382812175035,0.034876537187517515,0.41308668826241046,0.7755825139819418,688424104,1031,3,0.0
2263,4,edge_100,True,0.40148211054816574,0.02392894607408289,0.41308668826241046,0.9719076454313798,688424104,1031,3,0.0
2263,5,cloud,False,0.5373093899994602,0.024812284599730124,0.41308668826241046,1.300718239698245,688424104,1031,3,0.0
2264,0,local,True,0.04,0.003999999999999999,0.11999999999534339,0.33333333334626836,40000000,49,0,0.0
2264,1,edge_25,True,0.058087933065979536,0.0030856315637262112,0.11999999999534339,0.484066108901947,40000000,49,0,0.0
2264,2,edge_50,True,0.04808793306597954,0.0021729843890175527,0.11999999999534339,0.40073277556538,40000000,49,0,0.0
2264,3,edge_75,True,0.04359823484148478,0.0012551508877526184,0.11999999999534339,0.36331862369313844,40000000,49,0,0.0
2264,4,edge_100,True,0.030517154023171907,0.0003431887250395336,0.11999999999534339,0.2543096168696344,40000000,49,0,0.0
2264,5,cloud,False,0.3586830828662194,0.0003415414331097225,0.11999999999534339,2.989025690667818,40000000,49,0,0.0
2265,0,local,False,1.268894684,0.12688946839999998,0.7366171357571147,1.7225972929557172,1268894684,2271,3,0.0
2265,1,edge_25,False,0.981671013,0.11008099019429657,0.7366171357571147,1.332674689940538,1268894684,2271,3,0.0
2265,2,edge_50,True,0.664447342,0.09626565849431729,0.7366171357571147,0.9020253667016086,1268894684,2271,3,0.0
2265,3,edge_75,True,0.5992373235575974,0.0784232756287987,0.7366171357571147,0.8134990274719652,1268894684,2271,3,0.0
2265,4,edge_100,False,0.7701596253220937,0.06260614166104692,0.7366171357571147,1.0455358529373648,1268894684,2271,3,0.0
2265,5,cloud,True,0.7225275506493712,0.05937430692468563,0.7366171357571147,0.980872580308274,1268894684,2271,3,0.0
2266,0,local,False,0.646615186,0.0646615186,0.40316562849329785,1.6038450212547055,646615186,646,1,0.0
2266,1,edge_25,False,0.524986667563387,0.04957953911045813,0.40316562849329785,1.3021612718459066,646615186,646,1,0.0
2266,2,edge_50,True,0.36333287106338696,0.03449891208138016,0.40316562849329785,0.9012000165322301,646615186,646,1,0.0
2266,3,edge_75,True,0.28892595951156796,0.0193753729990905,0.40316562849329785,0.7166433323974963,646615186,646,1,0.0
2266,4,edge_100,True,0.34604379546374314,0.004363677570778839,0.40316562849329785,0.858316709082991,646615186,646,1,0.0
2266,5,cloud,False,0.48809219686723593,0.004384579833617978,0.40316562849329785,1.2106493271545093,646615186,646,1,0.0
2267,0,local,False,1.494787204,0.1494787204,0.84906103980029,1.7605179532811834,1494787204,2271,3,0.0
2267,1,edge_25,False,1.1703336451004989,0.1159971832290124,0.84906103980029,1.378385758196815,1494787204,2271,3,0.0
2267,2,edge_50,True,0.7966368441004988,0.08240201330869444,0.84906103980029,0.9382562698765191,1494787204,2271,3,0.0
2267,3,edge_75,True,0.632603441898092,0.04877717924879661,0.84906103980029,0.7450623833203893,1494787204,2271,3,0.0
2267,4,edge_100,True,0.7957656786162715,0.015568470940548406,0.84906103980029,0.9372302358891014,1494787204,2271,3,0.0
2267,5,cloud,True,0.6798874534272739,0.015465006313636924,0.84906103980029,0.8007521503839018,1494787204,2271,3,0.0
2268,0,local,False,1.498463418,0.14984634179999998,0.7243997459299862,2.0685587293743026,1498463418,2271,3,0.0
2268,1,edge_25,False,1.1574269275084181,0.11698997853995169,0.7243997459299862,1.5977737899707716,1498463418,2271,3,0.0
2268,2,edge_50,False,0.782811073008418,0.08418188387098603,0.7243997459299862,1.0806341076271957,1498463418,2271,3,0.0
2268,3,edge_75,True,0.6232440191278107,0.05133202213469631,0.7243997459299862,0.860359245885279,1498463418,2271,3,0.0
2268,4,edge_100,False,0.7976523853053077,0.01833394945118069,0.7243997459299862,1.101121845758352,1498463418,2271,3,0.0
2268,5,cloud,True,0.6872330209782098,0.01877016868910494,0.7243997459299862,0.9486930729054002,1498463418,2271,3,0.0
2269,0,local,True,0.092655906,0.0092655906,0.15179451287258416,0.6104035267584084,92655906,106,0,0.0
2269,1,edge_25,True,0.1046102171092885,0.007114112227062713,0.15179451287258416,0.6891567760232413,92655906,106,0,0.0
2269,2,edge_50,True,0.08144624060928851,0.004958644195540924,0.15179451287258416,0.5365558943336393,92655906,106,0,0.0
2269,3,edge_75,True,0.07084645010269618,0.0028074965217038342,0.15179451287258416,0.4667260282469134,92655906,106,0,0.0
2269,4,edge_100,True,0.059919500437323525,0.0006500733870362725,0.15179451287258416,0.39474088557878084,92655906,106,0,0.0
2269,5,cloud,False,0.3698522255007489,0.0006605221503744474,0.15179451287258416,2.436532246796047,92655906,106,0,0.0
2270,0,local,False,1.1448057,0.11448056999999999,0.5251810934860259,2.1798303750827257,1144805700,2271,3,0.0
2270,1,edge_25,False,0.888604275,0.09190350220838019,0.5251810934860259,1.6919959343959974,1144805700,2271,3,0.0
2270,2,edge_50,False,0.60240285,0.06888741936995614,0.5251810934860259,1.1470383406253157,1144805700,2271,3,0.0
2270,3,edge_75,True,0.49479899233439373,0.046368569917196845,0.5251810934860259,0.9421492861634392,1144805700,2271,3,0.0
2270,4,edge_100,False,0.6305888517266494,0.02384300086332467,0.5251810934860259,1.2007074503405142,1144805700,2271,3,0.0
2270,5,cloud,False,0.6279145866116832,0.0244767233058416,0.5251810934860259,1.1956153684888713,1144805700,2271,3,0.0
2271,0,local,False,1.260498185,0.1260498185,0.5610128378611989,2.246825919003055,1260498185,2271,3,0.0
2271,1,edge_25,False,0.9924406064285551,0.09857610979650633,0.5610128378611989,1.7690158574839894,1260498185,2271,3,0.0
2271,2,edge_50,False,0.6773160601785553,0.07109746347818088,0.5610128378611989,1.207309377733226,1260498185,2271,3,0.0
2271,3,edge_75,True,0.5438338249646735,0.043552473580559165,0.5610128378611989,0.9693785743620081,1260498185,2271,3,0.0
2271,4,edge_100,False,0.6790223845587223,0.016149926685613988,0.5610128378611989,1.2103508845669595,1260498185,2271,3,0.0
2271,5,cloud,False,0.6341558061186553,0.016028084559327655,0.5610128378611989,1.130376639037898,1260498185,2271,3,0.0
2272,0,local,True,0.04,0.003999999999999999,0.11999999999534339,0.33333333334626836,40000000,106,0,0.0
2272,1,edge_25,True,0.041736704,0.003322941254329051,0.11999999999534339,0.34780586668016333,40000000,106,0,0.0
2272,2,edge_50,True,0.031736704000000004,0.002642706307249029,0.11999999999534339,0.26447253334359627,40000000,106,0,0.0
2272,3,edge_75,True,0.02867718290101295,0.001970239450506476,0.11999999999534339,0.23897652418438142,40000000,106,0,0.0
2272,4,edge_100,True,0.026587658634869133,0.0012399061174345654,0.11999999999534339,0.2215638219658406,40000000,106,0,0.0
2272,5,cloud,False,0.3605927795855544,0.0012963897927772189,0.11999999999534339,3.004939829996227,40000000,106,0,0.0
2273,0,local,False,1.271523523,0.1271523523,0.6019879617961124,2.112207558447245,1271523523,2271,3,0.0
2273,1,edge_25,False,0.98364264225,0.11008869758658385,0.6019879617961124,1.633990552427609,1271523523,2271,3,0.0
2273,2,edge_50,False,0.6657617615,0.09418568246360381,0.6019879617961124,1.1059386628157977,1271523523,2271,3,0.0
2273,3,edge_75,True,0.6003888419254483,0.07857184847522417,0.6019879617961124,0.9973436015798507,1271523523,2271,3,0.0
2273,4,edge_100,False,0.765597491464559,0.05966786498227957,0.6019879617961124,1.2717820621865852,1271523523,2271,3,0.0
2273,5,cloud,False,0.7179294936786815,0.05681239453934079,0.6019879617961124,1.1925977581622096,1271523523,2271,3,0.0
2274,0,local,False,1.550760989,0.1550760989,0.6522416398511268,2.377586609395191,1550760989,1755,3,0.0
2274,1,edge_25,False,1.210137709428555,0.1193765010627507,0.6522416398511268,1.8553518136388336,1550760989,1755,3,0.0
2274,2,edge_50,False,0.8224474621785551,0.08360979896454472,0.6522416398511268,1.2609551612900358,1550760989,1755,3,0.0
2274,3,edge_75,True,0.6467493190374689,0.047842514966956844,0.6522416398511268,0.9915793158883393,1550760989,1755,3,0.0
2274,4,edge_100,False,0.8164519446783431,0.012299005745424417,0.6522416398511268,1.2517629890429827,1550760989,1755,3,0.0
2274,5,cloud,False,0.6844520947210185,0.012149948460509296,0.6522416398511268,1.049384235690999,1550760989,1755,3,0.0
2275,0,local,False,1.267440353,0.1267440353,0.7182217701920308,1.7646921962016338,1267440353,2271,3,0.0
2275,1,edge_25,False,0.98058026475,0.10185685334295805,0.7182217701920308,1.3652889754202555,1267440353,2271,3,0.0
2275,2,edge_50,True,0.6637201765,0.07663979428339766,0.7182217701920308,0.9241159263698472,1267440353,2271,3,0.0
2275,3,edge_75,True,0.5452428795540384,0.051662382414519176,0.7182217701920308,0.7591567147961233,1267440353,2271,3,0.0
2275,4,edge_100,True,0.6997962222050182,0.02778802285250912,0.7182217701920308,0.9743456008273237,1267440353,2271,3,0.0
2275,5,cloud,True,0.6585067033804362,0.027509316390218082,0.7182217701920308,0.9168570638068675,1267440353,2271,3,0.0
2276,0,local,False,1.143575582,0.11435755819999999,0.5004846717929468,2.284936275676997,1143575582,2271,3,0.0
2276,1,edge_25,False,0.8876816865,0.0909799606401624,0.5004846717929468,1.773644102465617,1143575582,2271,3,0.0
2276,2,edge_50,False,0.601787791,0.06742630159534557,0.5004846717929468,1.2024100335463679,1143575582,2271,3,0.0
2276,3,edge_75,True,0.48953450784658836,0.04393622184829417,0.5004846717929468,0.9781208804914439,1143575582,2271,3,0.0
2276,4,edge_100,False,0.6231668552967939,0.020439532148396982,0.5004846717929468,1.2451267549600429,1143575582,2271,3,0.0
2276,5,cloud,False,0.6194775471959781,0.020381215397989108,0.5004846717929468,1.2377552842462665,1143575582,2271,3,0.0
2277,0,local,False,1.464159115,0.1464159115,0.6895282116602175,2.123421624003836,1464159115,1755,3,0.0
2277,1,edge_25,False,1.12811933625,0.11467419504731671,0.6895282116602175,1.636074227526907,1464159115,1755,3,0.0
2277,2,edge_50,False,0.7620795575,0.0826284225827879,0.6895282116602175,1.105218821525948,1464159115,1755,3,0.0
2277,3,edge_75,True,0.6072547000653783,0.05070149384518917,0.6895282116602175,0.880681442465212,1464159115,1755,3,0.0
2277,4,edge_100,False,0.7800899453501838,0.018755193925091944,0.6895282116602175,1.1313386923965236,1464159115,1755,3,0.0
2277,5,cloud,True,0.6815348775912364,0.019351527295618193,0.6895282116602175,0.9884075315066007,1464159115,1755,3,0.0
2278,0,local,False,1.352989213,0.13529892129999999,0.643038468377199,2.1040564126971515,1352989213,2893,3,0.0
2278,1,edge_25,False,1.04474190975,0.10818152882251669,0.643038468377199,1.624695817011629,1352989213,2893,3,0.0
2278,2,edge_50,False,0.7064946065000001,0.08112629836438764,0.643038468377199,1.0986817138373415,1352989213,2893,3,0.0
2278,3,edge_75,True,0.5780949142768086,0.054186710025904306,0.643038468377199,0.8990051804143461,1352989213,2893,3,0.0
2278,4,edge_100,False,0.739796192043616,0.026400792771808006,0.643038468377199,1.1504695728555698,1352989213,2893,3,0.0
2278,5,cloud,False,0.6744445708918375,0.026923364145918748,0.643038468377199,1.0488401612953209,1352989213,2893,3,0.0
2279,0,local,False,3.700401558,0.3700401558,1.561614222067874,2.36960031850886,3700401558,2893,3,0.0
2279,1,edge_25,False,2.8053011684999998,0.28409738935775797,1.561614222067874,1.7964111294947405,3700401558,2893,3,0.0
2279,2,edge_50,False,1.880200779,0.19812450011238242,1.561614222067874,1.2040110498675254,3700401558,2893,3,0.0
2279,3,edge_75,True,1.455582455188304,0.11147597441915202,1.561614222067874,0.9321011774987784,3700401558,2893,3,0.0
2279,4,edge_100,False,1.911268112869044,0.025283666934522064,1.561614222067874,1.223905421620816,3700401558,2893,3,0.0
2279,5,cloud,True,1.1406737635097999,0.0252967259548999,1.561614222067874,0.7304452965338207,3700401558,2893,3,0.0
2280,0,local,False,0.925405549,0.09254055489999999,0.4208839239436202,2.198719163063029,925405549,1755,3,0.0
2280,1,edge_25,False,0.72405416175,0.07494567725744286,0.4208839239436202,1.7203179322358515,925405549,1755,3,0.0
2280,2,edge_50,False,0.4927027745,0.05796090134375949,0.4208839239436202,1.1706381414700942,925405549,1755,3,0.0
2280,3,edge_75,True,0.4110091076163783,0.04012615209568915,0.4208839239436202,0.9765379104178742,925405549,1755,3,0.0
2280,4,edge_100,False,0.518756870572278,0.02277704803613904,0.4208839239436202,1.2325414230878737,925405549,1755,3,0.0
2280,5,cloud,False,0.5814141305895592,0.023166510394779585,0.4208839239436202,1.3814120652121722,925405549,1755,3,0.0
2281,0,local,False,3.58570287,0.358570287,1.447715995425824,2.476799925765356,3585702870,2662,3,0.0
2281,1,edge_25,False,2.7192771524999997,0.2750581965241676,1.447715995425824,1.8783222407514844,3585702870,2662,3,0.0
2281,2,edge_50,False,1.822851435,0.19148873984611373,1.447715995425824,1.2591222593101457,3585702870,2662,3,0.0
2281,3,edge_75,True,1.4105908719204943,0.10761871958524709,1.447715995425824,0.9743560728605406,3585702870,2662,3,0.0
2281,4,edge_100,False,1.853054764322409,0.024851664661204524,1.447715995425824,1.2799850040873249,3585702870,2662,3,0.0
2281,5,cloud,True,1.1158304413015063,0.024344933650753197,1.447715995425824,0.7707523055813867,3585702870,2662,3,0.0
2282,0,local,False,0.681936449,0.06819364489999999,0.39717927935998887,1.7169487041188711,681936449,646,1,0.0
2282,1,edge_25,False,0.53203640075,0.05325892720874807,0.39717927935998887,1.3395371521075286,681936449,646,1,0.0
2282,2,edge_50,True,0.3615522885,0.03833283209186018,0.39717927935998887,0.9102999760778108,681936449,646,1,0.0
2282,3,edge_75,True,0.28839747991512854,0.023092034995064258,0.39717927935998887,0.7261141124477835,681936449,646,1,0.0
2282,4,edge_100,True,0.3649151828183652,0.008371267959182613,0.39717927935998887,0.9187669190759051,681936449,646,1,0.0
2282,5,cloud,False,0.5034005449517771,0.008506627575888588,0.39717927935998887,1.267439091392059,681936449,646,1,0.0
2283,0,local,False,3.504547322,0.35045473219999995,1.2458435880253091,2.8129914185734894,3504547322,2662,3,0.0
2283,1,edge_25,False,2.6584104914999998,0.27974481817366315,1.2458435880253091,2.133823633280998,3504547322,2662,3,0.0
2283,2,edge_50,False,1.782273661,0.20594655548820984,1.2458435880253091,1.4305757786376256,3504547322,2662,3,0.0
2283,3,edge_75,False,1.4364661359172015,0.13374412813360076,1.2458435880253091,1.1530068057692808,3504547322,2662,3,0.0
2283,4,edge_100,False,1.8844838465103073,0.06085509275515367,1.2458435880253091,1.5126167238194466,3504547322,2662,3,0.0
2283,5,cloud,True,1.183403195147583,0.06624686537379151,1.2458435880253091,0.9498810336402697,3504547322,2662,3,0.0
2284,0,local,False,0.667721801,0.0667721801,0.48717846866929904,1.3705897200749555,667721801,1329,2,0.0
2284,1,edge_25,False,0.5307913507500001,0.05390441133648189,0.48717846866929904,1.0895213661634662,667721801,1329,2,0.0
2284,2,edge_50,True,0.3638609005,0.041105268550068526,0.48717846866929904,0.7468739361447271,667721801,1329,2,0.0
2284,3,edge_75,True,0.30381283894401834,0.028401626809509153,0.48717846866929904,0.6236171310564407,667721801,1329,2,0.0
2284,4,edge_100,True,0.37479611083053127,0.015217605165265637,0.48717846866929904,0.7693199411178127,667721801,1329,2,0.0
2284,5,cloud,False,0.5146950883085171,0.015575364054258523,0.48717846866929904,1.0564816004992548,667721801,1329,2,0.0
2285,0,local,False,0.639032539,0.0639032539,0.3053416965994984,2.092844004329312,639032539,646,3,0.0
2285,1,edge_25,False,0.49985846825,0.04974952708860132,0.3053416965994984,1.6370462135266106,639032539,646,3,0.0
2285,2,edge_50,False,0.3401003335,0.03559212141203831,0.3053416965994984,1.1138352124442827,639032539,646,3,0.0
2285,3,edge_75,True,0.27109492565810744,0.02141264324155371,0.3053416965994984,0.8878411585355447,639032539,646,3,0.0
2285,4,edge_100,False,0.34184226339636653,0.007560785748183242,0.3053416965994984,1.1195400667624642,639032539,646,3,0.0
2285,5,cloud,False,0.49300717498765845,0.007600333593829223,0.3053416965994984,1.614608094728417,639032539,646,3,0.0
2286,0,local,False,1.527583976,0.15275839759999998,0.7550695928512141,2.023103552921127,1527583976,2662,3,0.0
2286,1,edge_25,False,1.1756879820000001,0.12108290820479928,0.7550695928512141,1.5570591017451667,1527583976,2662,3,0.0
2286,2,edge_50,False,0.7937919880000001,0.08910803038799378,0.7550695928512141,1.0512832135148849,1527583976,2662,3,0.0
2286,3,edge_75,True,0.640637027646586,0.05708611772329299,0.7550695928512141,0.8484476579535936,1527583976,2662,3,0.0
2286,4,edge_100,False,0.8259949204957961,0.02585146624789807,0.7550695928512141,1.0939321730289275,1527583976,2662,3,0.0
2286,5,cloud,True,0.7056196943783943,0.025051449589197174,0.7550695928512141,0.9345094823828195,1527583976,2662,3,0.0
2287,0,local,False,1.603102185,0.1603102185,0.7411480771843344,2.162998507788458,1603102185,2662,3,0.0
2287,1,edge_25,False,1.23232663875,0.12749895917589765,0.7411480771843344,1.6627266219615413,1603102185,2662,3,0.0
2287,2,edge_50,False,0.8315510925,0.09547121473421605,0.7411480771843344,1.121976995014427,1603102185,2662,3,0.0
2287,3,edge_75,True,0.6769175794222645,0.06295468464863221,0.7411480771843344,0.9133364846521826,1603102185,2662,3,0.0
2287,4,edge_100,False,0.8731331473530055,0.030541027426502755,0.7411480771843344,1.1780819167339545,1603102185,2662,3,0.0
2287,5,cloud,True,0.7304073208810573,0.029893441940528655,0.7411480771843344,0.9855079482306939,1603102185,2662,3,0.0
2288,0,local,True,0.089146073,0.008914607299999999,0.11999999999534339,0.7428839416954944,89146073,106,0,0.0
2288,1,edge_25,True,0.09588137581597954,0.006871040267450781,0.11999999999534339,0.7990114651641685,89146073,106,0,0.0
2288,2,edge_50,True,0.07359485756597954,0.004829441012263617,0.11999999999534339,0.6132904797402949,89146073,106,0,0.0
2288,3,edge_75,True,0.06356099192516701,0.0027833485670937354,0.11999999999534339,0.5296749327302792,89146073,106,0,0.0
2288,4,edge_100,True,0.05619455793905887,0.0007319420329830156,0.11999999999534339,0.4682879828436626,89146073,106,0,0.0
2288,5,cloud,False,0.369289557492943,0.0007301714464715361,0.11999999999534339,3.0774129792272777,89146073,106,0,0.0
2289,0,local,False,1.099388023,0.10993880229999999,0.6000816189916804,1.8320641529519035,1099388023,646,0,0.0
2289,1,edge_25,False,0.864564139786124,0.08355274118870464,0.6000816189916804,1.4407442461558055,1099388023,646,0,0.0
2289,2,edge_50,True,0.589717134036124,0.057162863339048256,0.6000816189916804,0.9827282079178298,1099388023,646,0,0.0
2289,3,edge_75,True,0.4588902873800601,0.030783028684468052,0.6000816189916804,0.7647131204437412,1099388023,646,0,0.0
2289,4,edge_100,True,0.5723256909354805,0.004311793273918583,0.6000816189916804,0.9537464118583763,1099388023,646,0,0.0
2289,5,cloud,True,0.578589023559297,0.0043557094796485216,0.6000816189916804,0.9641838797387303,1099388023,646,0,0.0
2290,0,local,False,0.65491487,0.06549148699999999,0.33453083713538945,1.9577115090736659,654914870,646,2,0.0
2290,1,edge_25,False,0.5312114305633869,0.05022359470497309,0.33453083713538945,1.5879296363593471,654914870,646,2,0.0
2290,2,edge_50,False,0.367482713063387,0.034946254783926205,0.33453083713538945,1.0985017590909307,654914870,646,2,0.0
2290,3,edge_75,True,0.29223470484605263,0.019681047016332873,0.33453083713538945,0.8735658193680395,654914870,646,2,0.0
2290,4,edge_100,False,0.3502350468006594,0.004384382239236973,0.33453083713538945,1.04694398220429,654914870,646,2,0.0
2290,5,cloud,False,0.4895909131246913,0.004303969562345664,0.33453083713538945,1.4635150448822354,654914870,646,2,0.0
2291,0,local,True,0.04,0.003999999999999999,0.11999999999534339,0.33333333334626836,40000000,49,0,0.0
2291,1,edge_25,True,0.040802816,0.003115487299480716,0.11999999999534339,0.34002346667986133,40000000,49,0,0.0
2291,2,edge_50,True,0.030802816,0.002232332716054338,0.11999999999534339,0.2566901333432942,40000000,49,0,0.0
2291,3,edge_75,True,0.026474818631253685,0.0013360013156268435,0.11999999999534339,0.22062348860234202,40000000,49,0,0.0
2291,4,edge_100,True,0.02469956469164383,0.0004592895458219148,0.11999999999534339,0.20582970577168583,40000000,49,0,0.0
2291,5,cloud,False,0.35891145418318754,0.0004557270915937642,0.11999999999534339,2.9909287849759596,40000000,49,0,0.0
2292,0,local,False,1.229632226,0.12296322259999999,0.5899158279062249,2.084419789793243,1229632226,2271,3,0.0
2292,1,edge_25,False,0.9522241695,0.1053781416838667,0.5899158279062249,1.614169555137566,1229632226,2271,3,0.0
2292,2,edge_50,False,0.6448161130000001,0.08911038047010073,0.5899158279062249,1.0930646076892556,1229632226,2271,3,0.0
2292,3,edge_75,True,0.576808981077585,0.07358925381379251,0.5899158279062249,0.9777818356304159,1229632226,2271,3,0.0
2292,4,edge_100,False,0.7358029980201939,0.05524344251009696,0.5899158279062249,1.2473016712092013,1229632226,2271,3,0.0
2292,5,cloud,False,0.7096661906744068,0.05686987273720342,0.5899158279062249,1.202995676846321,1229632226,2271,3,0.0
2293,0,local,False,1.160079704,0.1160079704,0.6000408950494602,1.9333344003234592,1160079704,2271,3,0.0
2293,1,edge_25,False,0.900059778,0.09302485735018275,0.6000408950494602,1.4999973925540688,1160079704,2271,3,0.0
2293,2,edge_50,False,0.610039852,0.0699342495066231,0.6000408950494602,1.016663792473204,1160079704,2271,3,0.0
2293,3,edge_75,True,0.501211699754675,0.04709289797733751,0.6000408950494602,0.835295900479185,1160079704,2271,3,0.0
2293,4,edge_100,False,0.6395873064155034,0.02452372720775173,0.6000408950494602,1.0659061935483305,1160079704,2271,3,0.0
2293,5,cloud,False,0.6312194515074525,0.02460175535372626,0.6000408950494602,1.0519607192030174,1160079704,2271,3,0.0
2294,0,local,False,1.241922633,0.1241922633,0.639158479811158,1.9430589943310006,1241922633,2271,3,0.0
2294,1,edge_25,False,0.96144197475,0.09838318524802363,0.639158479811158,1.5042309616764562,1241922633,2271,3,0.0
2294,2,edge_50,False,0.6509613165,0.072686790478214,0.639158479811158,1.0184662130937059,1241922633,2271,3,0.0
2294,3,edge_75,True,0.5269836704807612,0.04667940737788063,0.639158479811158,0.8244960946719516,1241922633,2271,3,0.0
2294,4,edge_100,False,0.6737890908110663,0.021163887155533204,0.639158479811158,1.0541815716974294,1241922633,2271,3,0.0
2294,5,cloud,False,0.6400608186399981,0.020838146019999042,0.639158479811158,1.0014117607093418,1241922633,2271,3,0.0
2295,0,local,False,0.925581661,0.09255816609999999,0.5106194829568267,1.812664208659384,925581661,1755,3,0.0
2295,1,edge_25,False,0.7434294878504988,0.07234955553808724,0.5106194829568267,1.4559363922926465,925581661,1755,3,0.0
2295,2,edge_50,False,0.5120340726004988,0.05216361260792027,0.5106194829568267,1.0027703401278008,925581661,1755,3,0.0
2295,3,edge_75,True,0.4139874546072903,0.031965086340895746,0.5106194829568267,0.8107553049288825,925581661,1755,3,0.0
2295,4,edge_100,True,0.5037831831743674,0.011878608969596409,0.5106194829568267,0.9866117529576574,925581661,1755,3,0.0
2295,5,cloud,False,0.5589424330599881,0.011913050429994103,0.5106194829568267,1.0946359308958198,925581661,1755,3,0.0
2296,0,local,True,0.04,0.003999999999999999,0.11999999999534339,0.33333333334626836,40000000,49,0,0.0
2296,1,edge_25,True,0.040802816,0.0031125471852766363,0.11999999999534339,0.34002346667986133,40000000,49,0,0.0
2296,2,edge_50,True,0.030802816,0.002226213890381381,0.11999999999534339,0.2566901333432942,40000000,49,0,0.0
2296,3,edge_75,True,0.02647567188764543,0.0013364279438227138,0.11999999999534339,0.2206305990722735,40000000,49,0,0.0
2296,4,edge_100,True,0.024678158031714154,0.0004485862158570776,0.11999999999534339,0.2056513169389316,40000000,49,0,0.0
2296,5,cloud,False,0.3588996599954554,0.0004498299977277075,0.11999999999534339,2.990830500078188,40000000,49,0,0.0
2297,0,local,False,1.258320188,0.1258320188,0.6349175060167909,1.9818640627727828,1258320188,2271,3,0.0
2297,1,edge_25,False,0.9867280524744222,0.0986508119821811,0.6349175060167909,1.5541043413100148,1258320188,2271,3,0.0
2297,2,edge_50,False,0.6721480054744221,0.07140880359995469,0.6349175060167909,1.058638325616819,1258320188,2271,3,0.0
2297,3,edge_75,True,0.5405213715057481,0.04428969946566295,0.6349175060167909,0.8513253554729574,1258320188,2271,3,0.0
2297,4,edge_100,False,0.6781354761972994,0.016964806590625905,0.6349175060167909,1.0680686384781546,1258320188,2271,3,0.0
2297,5,cloud,False,0.6350808850347008,0.016708423717350415,0.6349175060167909,1.000257323221303,1258320188,2271,3,0.0
2298,0,local,False,0.68307704,0.068307704,0.37001100566703826,1.8460992498549635,683077040,646,2,0.0
2298,1,edge_25,False,0.532891844,0.053155701292345814,0.37001100566703826,1.440205388051439,683077040,646,2,0.0
2298,2,edge_50,True,0.362122584,0.03809070953407527,0.37001100566703826,0.978680575587698,683077040,646,2,0.0
2298,3,edge_75,True,0.2884639249738003,0.02293991148690013,0.37001100566703826,0.77960904015212,683077040,646,2,0.0
2298,4,edge_100,True,0.36403572110044113,0.0076463893502205504,0.37001100566703826,0.9838510626033267,683077040,646,2,0.0
2298,5,cloud,False,0.5021831815991835,0.007783886799591807,0.37001100566703826,1.3572114718422268,683077040,646,2,0.0
2299,0,local,False,1.475169515,0.1475169515,0.5840077185421251,2.5259418123488286,1475169515,1755,3,0.0
2299,1,edge_25,False,1.13637713625,0.12104901535489981,0.5840077185421251,1.9458255433451637,1475169515,1755,3,0.0
2299,2,edge_50,False,0.7675847575,0.09530539783708568,0.5840077185421251,1.3143400902579565,1475169515,1755,3,0.0
2299,3,edge_75,False,0.6463410242630909,0.06845546594404545,0.5840077185421251,1.1067337018705339,1475169515,1755,3,0.0
2299,4,edge_100,False,0.8323807499156907,0.042147996207845394,0.5840077185421251,1.4252906656672042,1475169515,1755,3,0.0
2299,5,cloud,False,0.7319573482414288,0.04346172262071438,0.5840077185421251,1.2533350587705152,1475169515,1755,3,0.0
4300,0,local,False,1.519618598,0.1519618598,0.7123584385262802,2.133221866710488,1519618598,1755,3,0.0
4300,1,edge_25,False,1.1697139485,0.11833591886625475,0.7123584385262802,1.6420300304435114,1519618598,1755,3,0.0
4300,2,edge_50,False,0.7898092990000001,0.08439671265790674,0.7123584385262802,1.1087245637658893,1519618598,1755,3,0.0
4300,3,edge_75,True,0.6252824092249565,0.05070318243747818,0.7123584385262802,0.877763742812585,1519618598,1755,3,0.0
4300,4,edge_100,False,0.8048905474324869,0.01729062421624346,0.7123584385262802,1.129895434519785,1519618598,1755,3,0.0
4300,5,cloud,True,0.6874118048263418,0.016744042613170897,0.7123584385262802,0.9649802229457016,1519618598,1755,3,0.0
4301,0,local,False,1.0706753,0.10706753,0.47747840837109834,2.242353332064947,1070675300,646,2,0.0
4301,1,edge_25,False,0.8316059515016383,0.08157386184273203,0.47747840837109834,1.741661899097457,1070675300,646,2,0.0
4301,2,edge_50,False,0.5639371265016383,0.056049576011170596,0.47747840837109834,1.1810735660812204,1070675300,646,2,0.0
4301,3,edge_75,True,0.4376788494066639,0.03055495020251279,0.47747840837109834,0.9166463692039829,1070675300,646,2,0.0
4301,4,edge_100,False,0.5554855136158233,0.005069023420124962,0.47747840837109834,1.163373052848282,1070675300,646,2,0.0
4301,5,cloud,False,0.5741699748147124,0.0050174574073561995,0.47747840837109834,1.2025045839737007,1070675300,646,2,0.0
4302,0,local,False,1.31326363,0.131326363,0.7839404753176495,1.6752083498021593,1313263630,2893,3,0.0
4302,1,edge_25,False,1.0149477224999999,0.10623997921818844,0.7839404753176495,1.2946744739627676,1313263630,2893,3,0.0
4302,2,edge_50,True,0.686631815,0.08130119559320609,0.7839404753176495,0.875872386512228,1313263630,2893,3,0.0
4302,3,edge_75,True,0.5687158291054537,0.05595257467772684,0.7839404753176495,0.725457923160572,1313263630,2893,3,0.0
4302,4,edge_100,True,0.7269074414806551,0.029887813240327563,0.7839404753176495,0.9272482597433371,1313263630,2893,3,0.0
4302,5,cloud,True,0.6748282013423839,0.031087737671191933,0.7839404753176495,0.8608156136713647,1313263630,2893,3,0.0
4303,0,local,False,0.262423474,0.026242347399999998,0.2448266982100904,1.0718744153254458,262423474,646,1,0.0
4303,1,edge_25,True,0.23174647838897205,0.02085031832663394,0.2448266982100904,0.946573556247146,262423474,646,1,0.0
4303,2,edge_50,True,0.16614060988897206,0.015491693887061623,0.2448266982100904,0.6786049524157847,262423474,646,1,0.0
4303,3,edge_75,True,0.14038233960103444,0.01008291883103119,0.2448266982100904,0.5733947344279001,262423474,646,1,0.0
4303,4,edge_100,True,0.1530037179378311,0.004783437713345437,0.2448266982100904,0.6249470301091743,262423474,646,1,0.0
4303,5,cloud,False,0.41182941965337994,0.00467236242668998,0.2448266982100904,1.6821262659025094,262423474,646,1,0.0
4304,0,local,False,1.34049679,0.13404967899999998,0.6251903956290334,2.1441416876714223,1340496790,1755,3,0.0
4304,1,edge_25,False,1.0353725925000001,0.10583905696547158,0.6251903956290334,1.6560916478223615,1340496790,1755,3,0.0
4304,2,edge_50,False,0.700248395,0.07732927087953895,0.6251903956290334,1.1200562259045057,1340496790,1755,3,0.0
4304,3,edge_75,True,0.5646412775259254,0.04948991038796265,0.6251903956290334,0.9031509144631266,1340496790,1755,3,0.0
4304,4,edge_100,False,0.7221960457312355,0.020723825365617767,0.6251903956290334,1.155161772766199,1340496790,1755,3,0.0
4304,5,cloud,False,0.6606294958994572,0.021265068949728592,0.6251903956290334,1.0566852922216867,1340496790,1755,3,0.0
4305,0,local,False,1.441780225,0.14417802249999997,0.6533936357591301,2.2066027982119865,1441780225,2271,3,0.0
4305,1,edge_25,False,1.11133516875,0.11520712405180711,0.6533936357591301,1.7008662281487041,1441780225,2271,3,0.0
4305,2,edge_50,False,0.7508901125,0.08629782152757445,0.6533936357591301,1.1492155285957077,1441780225,2271,3,0.0
4305,3,edge_75,True,0.6148496476505816,0.0581355372627908,0.6533936357591301,0.9410095446311363,1441780225,2271,3,0.0
4305,4,edge_100,False,0.7895063681824654,0.029058127841232715,0.6533936357591301,1.2083165873894623,1441780225,2271,3,0.0
4305,5,cloud,False,0.6961578042802304,0.02890087964011523,0.6533936357591301,1.065449319033259,1441780225,2271,3,0.0
4306,0,local,False,1.433520518,0.1433520518,0.5436508115381002,2.636840574088862,1433520518,1755,3,0.0
4306,1,edge_25,False,1.1051403885,0.11149900023175885,0.5436508115381002,2.0328129105028463,1433520518,1755,3,0.0
4306,2,edge_50,False,0.746760259,0.07993032264252173,0.5436508115381002,1.3736027669806308,1433520518,1755,3,0.0
4306,3,edge_75,False,0.5919765698819593,0.04804120076597969,0.5436508115381002,1.088891173007055,1433520518,1755,3,0.0
4306,4,edge_100,False,0.7591892118284316,0.015964476414215834,0.5436508115381002,1.3964647816500608,1433520518,1755,3,0.0
4306,5,cloud,False,0.6688824728060101,0.016089184603005104,0.5436508115381002,1.2303531211764471,1433520518,1755,3,0.0
4307,0,local,False,0.650378488,0.06503784879999999,0.4219893681583926,1.5412200805871539,650378488,646,0,0.0
4307,1,edge_25,False,0.50836793,0.05046107703043039,0.4219893681583926,1.2046936922097655,650378488,646,0,0.0
4307,2,edge_50,True,0.345773308,0.03574437922991562,0.4219893681583926,0.8193886720629769,650378488,646,0,0.0
4307,3,edge_75,True,0.27445284969693806,0.02124788854846902,0.4219893681583926,0.6503785886708001,650378488,646,0,0.0
4307,4,edge_100,True,0.3455826535674432,0.006594493583721608,0.4219893681583926,0.8189368729255039,650378488,646,0,0.0
4307,5,cloud,False,0.49332888381082785,0.0066265931054139224,0.4219893681583926,1.1690552441256248,650378488,646,0,0.0
4308,0,local,False,1.349913092,0.1349913092,0.7816476440057158,1.7270097368708102,1349913092,2893,3,0.0
4308,1,edge_25,False,1.0424348190000001,0.10758321817674932,0.7816476440057158,1.3336377675979758,1349913092,2893,3,0.0
4308,2,edge_50,True,0.704956546,0.08011143919731853,0.7816476440057158,0.901885333380273,1349913092,2893,3,0.0
4308,3,edge_75,True,0.5742448386384096,0.05276154186920473,0.7816476440057158,0.7346594633044278,1349913092,2893,3,0.0
4308,4,edge_100,True,0.735566066110233,0.02505476005511651,0.7816476440057158,0.9410455871659407,1349913092,2893,3,0.0
4308,5,cloud,True,0.6705361742000764,0.025276777900038197,0.7816476440057158,0.8578496709383967,1349913092,2893,3,0.0
4309,0,local,False,1.505531095,0.15055310949999998,0.5818960180040449,2.587285440041514,1505531095,1755,3,0.0
4309,1,edge_25,False,1.15914832125,0.11744492034920029,0.5818960180040449,1.9920196828738954,1505531095,1755,3,0.0
4309,2,edge_50,False,0.7827655475,0.08440471726684586,0.5818960180040449,1.345198322863517,1505531095,1755,3,0.0
4309,3,edge_75,False,0.6213856830277933,0.051044038576396625,0.5818960180040449,1.0678637828786,1505531095,1755,3,0.0
4309,4,edge_100,False,0.7999131815259966,0.01832381701299831,0.5818960180040449,1.3746668765147594,1505531095,1755,3,0.0
4309,5,cloud,False,0.6865988467442286,0.017746313872114252,0.5818960180040449,1.1799339151680805,1505531095,1755,3,0.0
4310,0,local,False,1.385154615,0.1385154615,0.5887979241088033,2.352512735326898,1385154615,1755,3,0.0
4310,1,edge_25,False,1.06886596125,0.1079889353458608,0.5887979241088033,1.815335818087031,1385154615,1755,3,0.0
4310,2,edge_50,False,0.7225773075,0.07746458064012854,0.5887979241088033,1.2272076342553067,1385154615,1755,3,0.0
4310,3,edge_75,True,0.5736077320383882,0.0467162410816941,0.5887979241088033,0.974201349141292,1385154615,1755,3,0.0
4310,4,edge_100,False,0.7350381158224619,0.015980404161230956,0.5887979241088033,1.2483707664815664,1385154615,1755,3,0.0
4310,5,cloud,False,0.6593360014899043,0.016152539244952187,0.5887979241088033,1.119800146184052,1385154615,1755,3,0.0
4311,0,local,False,0.835066195,0.08350661949999999,0.3845212843734771,2.1717034373288904,835066195,646,3,0.0
4311,1,edge_25,False,0.6663227687861241,0.0637343637354751,0.3845212843734771,1.7328631622350958,835066195,646,3,0.0
4311,2,edge_50,False,0.457556220036124,0.04389319763996231,0.3845212843734771,1.189937302902873,835066195,646,3,0.0
4311,3,edge_75,True,0.35960807215249146,0.02409421812068372,0.3845212843734771,0.9352097966135264,835066195,646,3,0.0
4311,4,edge_100,False,0.44010490624318277,0.0042818579277696745,0.3845212843734771,1.144552783236099,835066195,646,3,0.0
4311,5,cloud,False,0.5258454799578537,0.004416120478926863,0.3845212843734771,1.3675328293325668,835066195,646,3,0.0
4312,0,local,False,1.394924992,0.13949249919999998,0.6052793223643675,2.3045971346767393,1394924992,1755,3,0.0
4312,1,edge_25,False,1.076193744,0.1097190755791318,0.6052793223643675,1.7780117447199861,1394924992,1755,3,0.0
4312,2,edge_50,False,0.727462496,0.08011847324595225,0.6052793223643675,1.201862461050801,1394924992,1755,3,0.0
4312,3,edge_75,True,0.5837717123145421,0.05021054495727099,0.6052793223643675,0.9644666367160676,1394924992,1755,3,0.0
4312,4,edge_100,False,0.7498267544453321,0.02093212922266608,0.6052793223643675,1.2388111186688606,1394924992,1755,3,0.0
4312,5,cloud,False,0.6698170298745554,0.020416015737277717,0.6052793223643675,1.1066246691826311,1394924992,1755,3,0.0
4313,0,local,False,1.546271383,0.1546271383,0.7802653370890766,1.9817250741506087,1546271383,2662,3,0.0
4313,1,edge_25,False,1.2036603380515267,0.12087199632367167,0.7802653370890766,1.542629514393146,1546271383,2662,3,0.0
4313,2,edge_50,False,0.8170924923015269,0.08720218638720861,0.7802653370890766,1.0471982458554943,1546271383,2662,3,0.0
4313,3,edge_75,True,0.6534904420772393,0.05349772090035621,0.7802653370890766,0.8375233539339394,1546271383,2662,3,0.0
4313,4,edge_100,False,0.828000538389096,0.019739983304280808,0.7802653370890766,1.0611781646972867,1546271383,2662,3,0.0
4313,5,cloud,True,0.697791569127763,0.019268646263881486,0.7802653370890766,0.8943003565056508,1546271383,2662,3,0.0
4314,0,local,False,1.544953269,0.15449532689999998,0.6937515260651708,2.2269547683198434,1544953269,2662,3,0.0
4314,1,edge_25,False,1.18871495175,0.15396141846213096,0.6937515260651708,1.7134592243597206,1544953269,2662,3,0.0
4314,2,edge_50,False,0.8024766345000001,0.14068358845735862,0.6937515260651708,1.15672053227976,1544953269,2662,3,0.0
4314,3,edge_75,False,0.8027577783036702,0.1353239829393351,0.6937515260651708,1.1571257837179294,1544953269,2662,3,0.0
4314,4,edge_100,False,1.0733124911247232,0.14516792831236164,0.6937515260651708,1.5471137010859657,1544953269,2662,3,0.0
4314,5,cloud,False,0.934951893294941,0.13798061974747053,0.6937515260651708,1.3476754402225444,1544953269,2662,3,0.0
4315,0,local,True,0.04,0.003999999999999999,0.11999999999534339,0.33333333334626836,40000000,33,0,0.0
4315,1,edge_25,True,0.040540672,0.003091438117814419,0.11999999999534339,0.3378389333464432,40000000,33,0,0.0
4315,2,edge_50,True,0.030540672,0.0021908071849268407,0.11999999999534339,0.25450560000987615,40000000,33,0,0.0
4315,3,edge_75,True,0.026096794502169535,0.0012780612510847678,0.11999999999534339,0.21747328752651854,40000000,33,0,0.0
4315,4,edge_100,True,0.024437683752676874,0.0003742242763384379,0.11999999999534339,0.20364736461354319,40000000,33,0,0.0
4315,5,cloud,False,0.3587495995644815,0.0003747997822407397,0.11999999999534339,2.98957999648669,40000000,33,0,0.0
4316,0,local,False,1.501593007,0.1501593007,0.7658843577373773,1.9606001765541976,1501593007,2271,3,0.0
4316,1,edge_25,False,1.15619475525,0.11904655883685976,0.7658843577373773,1.5096205367944866,1501593007,2271,3,0.0
4316,2,edge_50,False,0.7807965035000001,0.08815551122967635,0.7658843577373773,1.0194704926559373,1501593007,2271,3,0.0
4316,3,edge_75,True,0.6310675710191833,0.05652492187209166,0.7658843577373773,0.8239723982397578,1501593007,2271,3,0.0
4316,4,edge_100,False,0.8127295678951723,0.025716532197586114,0.7658843577373773,1.0611648608364166,1501593007,2271,3,0.0
4316,5,cloud,True,0.7005292494721453,0.02510532403607271,0.7658843577373773,0.9146671327009367,1501593007,2271,3,0.0
4317,0,local,True,0.04,0.003999999999999999,0.11999999999534339,0.33333333334626836,40000000,49,0,0.0
4317,1,edge_25,True,0.040802816,0.0031580788024788775,0.11999999999534339,0.34002346667986133,40000000,49,0,0.0
4317,2,edge_50,True,0.030802816,0.0023047337008921163,0.11999999999534339,0.2566901333432942,40000000,49,0,0.0
4317,3,edge_75,True,0.02674188749332807,0.0014695357466640347,0.11999999999534339,0.22284906245304825,40000000,49,0,0.0
4317,4,edge_100,True,0.025060126247549247,0.0006395703237746235,0.11999999999534339,0.20883438540434757,40000000,49,0,0.0
4317,5,cloud,False,0.3592719982330389,0.0006359991165194568,0.11999999999534339,2.9939333187248374,40000000,49,0,0.0
4318,0,local,False,1.368359634,0.13683596339999998,0.6525850205216557,2.0968296711839582,1368359634,1755,3,0.0
4318,1,edge_25,False,1.0728072956131756,0.1057451306529907,0.6525850205216557,1.6439349079076433,1368359634,1755,3,0.0
4318,2,edge_50,False,0.7307173871131756,0.07461644084082922,0.6525850205216557,1.1197274901116538,1368359634,1755,3,0.0
4318,3,edge_75,True,0.5784576009516134,0.04360157489421897,0.6525850205216557,0.8864095600741997,1368359634,1755,3,0.0
4318,4,edge_100,False,0.7252386967891917,0.012385365124790182,0.6525850205216557,1.1113321237583098,1368359634,1755,3,0.0
4318,5,cloud,True,0.6486661902151326,0.012497131707566313,0.6525850205216557,0.9939949122592632,1368359634,1755,3,0.0
4319,0,local,False,9.5,0.95,6.40976840571966,1.482112831334564,9500000000,4039,0,0.0
4319,1,edge_25,False,7.1742432421004985,0.7193091365455282,6.40976840571966,1.1192671541297297,9500000000,4039,0,0.0
4319,2,edge_50,True,4.7992432421004985,0.4888463054394663,6.40976840571966,0.7487389462960886,9500000000,4039,0,0.0
4319,3,edge_75,True,3.6525854981547394,0.2579211280271203,6.40976840571966,0.5698467194064937,9500000000,4039,0,0.0
4319,4,edge_100,True,4.822088984007676,0.027426924636250863,6.40976840571966,0.7523031533720872,9500000000,4039,0,0.0
4319,5,cloud,True,2.3053432079611067,0.02767160398055337,6.40976840571966,0.3596609209630676,9500000000,4039,0,0.0
4320,0,local,False,6.76568963,0.6765689629999999,5.671836329391226,1.1928569932352366,6765689630,4039,0,0.0
4320,1,edge_25,True,5.118224023301527,0.5147922390699401,5.671836329391226,0.9023927571356559,6765689630,4039,0,0.0
4320,2,edge_50,True,3.426801615801527,0.35291308084285233,5.671836329391226,0.6041785088268468,6765689630,4039,0,0.0
4320,3,edge_75,True,2.6257624319958803,0.19147825072217675,5.671836329391226,0.46294749698422816,6765689630,4039,0,0.0
4320,4,edge_100,True,3.4563279238672884,0.02904911429337706,5.671836329391226,0.609384284584648,6765689630,4039,0,0.0
4320,5,cloud,True,1.7618534348705777,0.02935775443528875,5.671836329391226,0.31063192457453764,6765689630,4039,0,0.0
4321,0,local,False,7.436209192,0.7436209192,4.963937109801918,1.4980466165286963,7436209192,4039,0,0.0
4321,1,edge_25,False,5.607156894,0.5706063449148284,4.963937109801918,1.1295785522600525,7436209192,4039,0,0.0
4321,2,edge_50,True,3.7481045959999997,0.3977787682837789,4.963937109801918,0.7550668981278783,7436209192,4039,0,0.0
4321,3,edge_75,True,2.896411298398078,0.22482165549903896,4.963937109801918,0.583490732120427,7436209192,4039,0,0.0
4321,4,edge_100,True,3.8354479639270536,0.05342168396352698,4.963937109801918,0.7726624812295625,7436209192,4039,0,0.0
4321,5,cloud,True,1.9405756216930772,0.05166689164653868,4.963937109801918,0.3909347718892664,7436209192,4039,0,0.0
4322,0,local,True,0.09571173,0.009571172999999999,0.1452741235261783,0.6588353636341354,95711730,106,0,0.0
4322,1,edge_25,True,0.0835205015,0.007483586451548833,0.1452741235261783,0.5749165747673546,95711730,106,0,0.0
4322,2,edge_50,True,0.059592569,0.005392225514684193,0.1452741235261783,0.41020773385882076,95711730,106,0,0.0
4322,3,edge_75,True,0.04942907130012307,0.0032930275250615364,0.1452741235261783,0.3402469077104154,95711730,106,0,0.0
4322,4,edge_100,True,0.054307505801434466,0.0011718972007172374,0.1452741235261783,0.3738277986695152,95711730,106,0,0.0
4322,5,cloud,False,0.3715544648155129,0.0012060594077564846,0.1452741235261783,2.5576094062516166,95711730,106,0,0.0
4323,0,local,False,6.821204438,0.6821204437999999,4.088395145721734,1.6684308132832981,6821204438,4039,0,0.0
4323,1,edge_25,False,5.1459033285,0.5245301546791155,4.088395145721734,1.2586609525463524,6821204438,4039,0,0.0
4323,2,edge_50,True,3.4406022189999996,0.36706864423490243,4.088395145721734,0.8415532492255277,6821204438,4039,0,0.0
4323,3,edge_75,True,2.6676599952944984,0.21038427647224922,4.088395145721734,0.652495637092723,6821204438,4039,0,0.0
4323,4,edge_100,True,3.5273961121630903,0.053146946581545264,4.088395145721734,0.8627825800679526,6821204438,4039,0,0.0
4323,5,cloud,True,1.8200665234929145,0.052912817946457295,4.088395145721734,0.44517872138594716,6821204438,4039,0,0.0
4324,0,local,False,9.348615128,0.9348615128,5.233127903309651,1.7864297033687142,9348615128,4039,0,0.0
4324,1,edge_25,False,7.041461346,0.7501810457367047,5.233127903309651,1.3455549866355614,9348615128,4039,0,0.0
4324,2,edge_50,True,4.7043075640000005,0.5804200452473446,5.233127903309651,0.8989475607933829,9348615128,4039,0,0.0
4324,3,edge_75,True,3.858840156629477,0.3952701200147386,5.233127903309651,0.7373869372061371,9348615128,4039,0,0.0
4324,4,edge_100,True,5.130616680266454,0.22290455813322635,5.233127903309651,0.9804110992627632,9348615128,4039,0,0.0
4324,5,cloud,True,2.6204436340962163,0.20036030424810825,5.233127903309651,0.5007413696957296,9348615128,4039,0,0.0
4325,0,local,False,9.5,0.95,6.7481381461257115,1.4077957199874764,9500000000,4039,0,0.0
4325,1,edge_25,False,7.155,0.7291989610971281,6.7481381461257115,1.0602924606853046,9500000000,4039,0,0.0
4325,2,edge_50,True,4.78,0.5071742442389143,6.7481381461257115,0.7083435306884355,9500000000,4039,0,0.0
4325,3,edge_75,True,3.6877037612151295,0.28510188060756486,6.7481381461257115,0.5464772180653029,9500000000,4039,0,0.0
4325,4,edge_100,True,4.894314111687616,0.06690705584380802,6.7481381461257115,0.7252836272324351,9500000000,4039,0,0.0
4325,5,cloud,True,2.383822456844947,0.06691122842247366,6.7481381461257115,0.3532563212585629,9500000000,4039,0,0.0
4326,0,local,False,6.776066477,0.6776066476999999,4.465250542154536,1.5175109241978768,6776066477,4039,0,0.0
4326,1,edge_25,False,5.112049857750001,0.529792064167254,4.465250542154536,1.1448517411261265,6776066477,4039,0,0.0
4326,2,edge_50,True,3.4180332384999996,0.3808910458003155,4.465250542154536,0.765474010076657,6776066477,4039,0,0.0
4326,3,edge_75,True,2.696333884913918,0.23205613994445878,4.465250542154536,0.6038482856581,6776066477,4039,0,0.0
4326,4,edge_100,True,3.5592106793825824,0.08033872044129121,4.465250542154536,0.7970909237413634,6776066477,4039,0,0.0
4326,5,cloud,True,1.8756033827346568,0.08519504366732844,4.465250542154536,0.4200443771358138,6776066477,4039,0,0.0
4327,0,local,False,1.633733467,0.16337334669999998,0.8293567398795858,1.9698802559164126,1633733467,2271,3,0.0
4327,1,edge_25,False,1.258879464258418,0.12723989504775118,0.8293567398795858,1.5178986360455629,1633733467,2271,3,0.0
4327,2,edge_50,False,0.850446097508418,0.09084945091018619,0.8293567398795858,1.0254285720664598,1633733467,2271,3,0.0
4327,3,edge_75,True,0.6739216602595461,0.05468945973806407,0.8293567398795858,0.8125835697162028,1633733467,2271,3,0.0
4327,4,edge_100,False,0.8652418798935197,0.01831118449528667,0.8293567398795858,1.0432686421757953,1633733467,2271,3,0.0
4327,5,cloud,True,0.7135641877050294,0.01840874715251473,0.8293567398795858,0.8603826958814269,1633733467,2271,3,0.0
4328,0,local,False,1.557456934,0.1557456934,0.8461764139356092,1.8405818318147031,1557456934,2662,3,0.0
4328,1,edge_25,False,1.1980927005,0.1275774915809677,0.8461764139356092,1.4158899737320856,1557456934,2662,3,0.0
4328,2,edge_50,True,0.808728467,0.09824374928689761,0.8461764139356092,0.9557445157784098,1557456934,2662,3,0.0
4328,3,edge_75,True,0.6787304905653402,0.07127849350767008,0.8461764139356092,0.8021146410930203,1557456934,2662,3,0.0
4328,4,edge_100,False,0.8719726484515007,0.0413720907257504,0.8461764139356092,1.0304856458902132,1557456934,2662,3,0.0
4328,5,cloud,True,0.7449682906565609,0.04173845192828043,0.8461764139356092,0.8803935897854631,1557456934,2662,3,0.0
4329,0,local,False,1.55081926,0.15508192599999998,0.6745066482108086,2.2991904736798245,1550819260,2662,3,0.0
4329,1,edge_25,False,1.193114445,0.12322784857421035,0.6745066482108086,1.7688698075324336,1550819260,2662,3,0.0
4329,2,edge_50,False,0.80540963,0.09081012766475502,0.6745066482108086,1.1940721891124775,1550819260,2662,3,0.0
4329,3,edge_75,True,0.6519993970612921,0.05899156878064603,0.6745066482108086,0.9666315354945438,1550819260,2662,3,0.0
4329,4,edge_100,False,0.8391933267952667,0.026641848397633394,0.6745066482108086,1.2441587181109404,1550819260,2662,3,0.0
4329,5,cloud,False,0.7137697532067127,0.026802950603356347,0.6745066482108086,1.058210108232518,1550819260,2662,3,0.0
4330,0,local,False,3.31608186,0.33160818599999997,1.1441315884003416,2.8983395735418456,3316081860,2271,3,0.0
4330,1,edge_25,False,2.517061395,0.2536962636399855,1.1441315884003416,2.1999754403417957,3316081860,2271,3,0.0
4330,2,edge_50,False,1.68804093,0.175850876497595,1.1441315884003416,1.4753905469563349,3316081860,2271,3,0.0
4330,3,edge_75,False,1.3039162640630848,0.09809482978154234,1.1441315884003416,1.1396558553952216,3316081860,2271,3,0.0
4330,4,edge_100,False,1.7084927094025248,0.019975889701262423,1.1441315884003416,1.4932659203922867,3316081860,2271,3,0.0
4330,5,cloud,True,1.053427867021479,0.020105747510739434,1.1441315884003416,0.9207226491266801,3316081860,2271,3,0.0
4331,0,local,True,0.09076897,0.009076896999999999,0.13498718349728733,0.672426578941282,90768970,106,0,0.0
4331,1,edge_25,True,0.09544108396313147,0.007000458353000791,0.13498718349728733,0.7070381164375463,90768970,106,0,0.0
4331,2,edge_50,True,0.07274884146313146,0.004918631354991645,0.13498718349728733,0.5389314717022257,90768970,106,0,0.0
4331,3,edge_75,True,0.06254391250979617,0.002839820398332351,0.13498718349728733,0.46333222821152525,90768970,106,0,0.0
4331,4,edge_100,True,0.05647322336642814,0.0007556068021660642,0.13498718349728733,0.4183598909415205,90768970,106,0,0.0
4331,5,cloud,False,0.3696888801845206,0.0007675430922603175,0.13498718349728733,2.7386961532681346,90768970,106,0,0.0
4332,0,local,False,1.51081527,0.151081527,0.7038987175328657,2.146353207312753,1510815270,1755,3,0.0
4332,1,edge_25,False,1.166690816508418,0.1168800771850864,0.7038987175328657,1.6574697288803402,1510815270,1755,3,0.0
4332,2,edge_50,False,0.788986999008418,0.08280536752396446,0.7038987175328657,1.1208814270521517,1510815270,1755,3,0.0
4332,3,edge_75,True,0.6213758830569408,0.04839077814926141,0.7038987175328657,0.8827631981413976,1510815270,1755,3,0.0
4332,4,edge_100,False,0.7957869829437403,0.014313285270397005,0.7038987175328657,1.130541884964557,1510815270,1755,3,0.0
4332,5,cloud,True,0.6811495086769315,0.014493227338465748,0.7038987175328657,0.96768113325214,1510815270,1755,3,0.0
4333,0,local,False,1.700689752,0.17006897519999997,0.8814487215131521,1.9294256268027543,1700689752,2271,3,0.0
4333,1,edge_25,False,1.305517314,0.1558850684794006,0.8814487215131521,1.4811040984424644,1700689752,2271,3,0.0
4333,2,edge_50,True,0.880344876,0.14040593299343934,0.8814487215131521,0.9987476917417758,1700689752,2271,3,0.0
4333,3,edge_75,True,0.8498436913804839,0.13355976099024194,0.8814487215131521,0.9641442214830002,1700689752,2271,3,0.0
4333,4,edge_100,False,1.1014663069875466,0.12031071549377335,0.8814487215131521,1.2496090584789754,1700689752,2271,3,0.0
4333,5,cloud,False,0.9434634270310138,0.12666273831550692,0.8814487215131521,1.0703554319205355,1700689752,2271,3,0.0
4334,0,local,False,2.566280745,0.25662807449999997,2.445105759310536,1.0495581776894722,2566280745,3878,0,0.0
4334,1,edge_25,True,1.95471055875,0.2053680129931876,2.445105759310536,0.7994380411999781,2566280745,3878,0,0.0
4334,2,edge_50,True,1.3131403725,0.153552779422515,2.445105759310536,0.5370484967776099,2566280745,3878,0,0.0
4334,3,edge_75,True,1.0678143797556696,0.10188656881533478,2.445105759310536,0.43671500739369606,2566280745,3878,0,0.0
4334,4,edge_100,True,1.3997755786424766,0.05306760307123836,2.445105759310536,0.5724805862946318,2566280745,3878,0,0.0
4334,5,cloud,True,0.9679683183283693,0.05235608466418463,2.445105759310536,0.3958799387889521,2566280745,3878,0,0.0
4335,0,local,False,1.546651438,0.1546651438,0.837726914905943,1.8462477574492788,1546651438,2271,3,0.0
4335,1,edge_25,False,1.1899885785,0.12169703118196538,0.837726914905943,1.4204970108112231,1546651438,2271,3,0.0
4335,2,edge_50,True,0.803325719,0.08907985439210875,0.837726914905943,0.9589350714489037,1546651438,2271,3,0.0
4335,3,edge_75,True,0.6444957785348119,0.05591703059240592,0.837726914905943,0.7693387511694949,1546651438,2271,3,0.0
4335,4,edge_100,True,0.8299154704966307,0.023044875748315402,0.837726914905943,0.9906754286267747,1546651438,2271,3,0.0
4335,5,cloud,True,0.7053968443740939,0.023033278387046996,0.837726914905943,0.8420367446989493,1546651438,2271,3,0.0
4336,0,local,True,0.04,0.003999999999999999,0.11999999999534339,0.33333333334626836,40000000,33,0,0.0
4336,1,edge_25,True,0.05616832446313146,0.0030594600030226736,0.11999999999534339,0.468069370544259,40000000,33,0,0.0
4336,2,edge_50,True,0.04616832446313146,0.0021193600176270906,0.11999999999534339,0.3847360372076919,40000000,33,0,0.0
4336,3,edge_75,True,0.04152000077267515,0.0011758381547718412,0.11999999999534339,0.34600000645238616,40000000,33,0,0.0
4336,4,edge_100,True,0.029635239852685513,0.00023816314529474992,0.11999999999534339,0.24696033211529594,40000000,33,0,0.0
4336,5,cloud,False,0.358465939596778,0.00023296979838901424,0.11999999999534339,2.987216163422403,40000000,33,0,0.0
4337,0,local,False,1.495456716,0.14954567159999999,0.5268991561606526,2.8382218846143537,1495456716,1755,3,0.0
4337,1,edge_25,False,1.1596079495016383,0.11561023255392808,0.5268991561606526,2.2008157271522966,1495456716,1755,3,0.0
4337,2,edge_50,False,0.7857437705016384,0.08154332104664902,0.5268991561606526,1.4912602559987085,1495456716,1755,3,0.0
4337,3,edge_75,False,0.6193142993679831,0.0476377270831724,0.5268991561606526,1.1753943655570267,1495456716,1755,3,0.0
4337,4,edge_100,False,0.7885413295960655,0.013753788610245982,0.5268991561606526,1.4965697332710048,1495456716,1755,3,0.0
4337,5,cloud,False,0.6763445501945855,0.013626603497292708,0.5268991561606526,1.283631872032011,1495456716,1755,3,0.0
4338,0,local,False,1.335247834,0.13352478339999999,0.7929380426649004,1.683924546629783,1335247834,2893,3,0.0
4338,1,edge_25,False,1.0314358755,0.11091103619801271,0.7929380426649004,1.3007773873902653,1335247834,2893,3,0.0
4338,2,edge_50,True,0.697623917,0.08851363327805838,0.7929380426649004,0.8797962507328198,1335247834,2893,3,0.0
4338,3,edge_75,True,0.5991060259102021,0.06757523993010106,0.7929380426649004,0.755552128507709,1335247834,2893,3,0.0
4338,4,edge_100,True,0.7689175689655051,0.04539682598275256,0.7929380426649004,0.9697069980163047,1335247834,2893,3,0.0
4338,5,cloud,True,0.7044883976225291,0.04371941541126458,0.7929380426649004,0.8884532708947721,1335247834,2893,3,0.0
4339,0,local,False,0.989228165,0.0989228165,0.3985745282843709,2.4819151621606275,989228165,355,2,0.0
4339,1,edge_25,False,0.7733650962131314,0.07483268493882372,0.3985745282843709,1.9403274452635337,989228165,355,2,0.0
4339,2,edge_50,False,0.5260580549631315,0.050728193041312035,0.3985745282843709,1.319848654723377,989228165,355,2,0.0
4339,3,edge_75,False,0.40626755085090077,0.026662212381384654,0.3985745282843709,1.0193013402026563,989228165,355,2,0.0
4339,4,edge_100,False,0.5107388224212982,0.0025596747796011237,0.3985745282843709,1.2814136031716041,989228165,355,2,0.0
4339,5,cloud,False,0.5528446718324501,0.002499519416225084,0.3985745282843709,1.3870546976800588,989228165,355,2,0.0
4340,0,local,False,1.244143113,0.12441431129999998,0.5423123894724995,2.2941447349380355,1244143113,2271,3,0.0
4340,1,edge_25,False,0.96310733475,0.09905614121298921,0.5423123894724995,1.775927221000432,1244143113,2271,3,0.0
4340,2,edge_50,False,0.6520715565,0.07354727945206717,0.5423123894724995,1.2023910372659232,1244143113,2271,3,0.0
4340,3,edge_75,True,0.5316834129270489,0.048668450601024434,0.5423123894724995,0.9804006385401055,1244143113,2271,3,0.0
4340,4,edge_100,False,0.6777840285417223,0.022606236020861165,0.5423123894724995,1.2498036956171965,1244143113,2271,3,0.0
4340,5,cloud,False,0.6441454477514115,0.02265841257570575,0.5423123894724995,1.1877756441780054,1244143113,2271,3,0.0
4341,0,local,False,1.438221566,0.14382215659999997,0.5713019786635414,2.5174454486652778,1438221566,1755,3,0.0
4341,1,edge_25,False,1.1086661745,0.11381531549666432,0.5713019786635414,1.9405957197864532,1438221566,1755,3,0.0
4341,2,edge_50,False,0.749110783,0.08330952977222106,0.5713019786635414,1.3112343576201337,1438221566,1755,3,0.0
4341,3,edge_75,False,0.6046095312972634,0.05359376117363166,0.5713019786635414,1.0583011329868646,1438221566,1755,3,0.0
4341,4,edge_100,False,0.775324138972679,0.022856677986339557,0.5713019786635414,1.3571178954891965,1438221566,1755,3,0.0
4341,5,cloud,False,0.6824864111877933,0.02242104899389668,0.5713019786635414,1.1946158715997237,1438221566,1755,3,0.0
4342,0,local,False,1.487980164,0.14879801639999998,0.7229691770626232,2.0581515937450705,1487980164,1755,3,0.0
4342,1,edge_25,False,1.145985123,0.11698806959110494,0.7229691770626232,1.585109240280565,1487980164,1755,3,0.0
4342,2,edge_50,False,0.7739900820000001,0.08492503411071475,0.7229691770626232,1.0705713418442975,1487980164,1755,3,0.0
4342,3,edge_75,True,0.6199025355651769,0.05315449113258845,0.7229691770626232,0.8574397847551408,1487980164,1755,3,0.0
4342,4,edge_100,False,0.795906260398217,0.020708089199108513,0.7229691770626232,1.10088546738871,1487980164,1755,3,0.0
4342,5,cloud,True,0.6900361643612151,0.021220065780607544,0.7229691770626232,0.9544475563464367,1487980164,1755,3,0.0
4343,0,local,True,0.04,0.003999999999999999,0.11999999999534339,0.33333333334626836,40000000,49,0,0.0
4343,1,edge_25,True,0.040802816,0.00313819715497516,0.11999999999534339,0.34002346667986133,40000000,49,0,0.0
4343,2,edge_50,True,0.030802816,0.002277175931459594,0.11999999999534339,0.2566901333432942,40000000,49,0,0.0
4343,3,edge_75,True,0.026638325576850648,0.0014177547884253248,0.11999999999534339,0.22198604648236958,40000000,49,0,0.0
4343,4,edge_100,True,0.02487704583163534,0.0005480301158176711,0.11999999999534339,0.20730871527167247,40000000,49,0,0.0
4343,5,cloud,False,0.3591224109939622,0.0005612054969811106,0.11999999999534339,2.9926867583991497,40000000,49,0,0.0
4344,0,local,False,1.378956441,0.1378956441,0.7121779986191541,1.9362525150645853,1378956441,1755,3,0.0
4344,1,edge_25,False,1.0722327432516383,0.10690845601749431,0.7121779986191541,1.5055684749186249,1378956441,1755,3,0.0
4344,2,edge_50,False,0.7274936330016383,0.07593067655561365,0.7121779986191541,1.0215053461524783,1378956441,1755,3,0.0
4344,3,edge_75,True,0.576058131883032,0.04494093802819682,0.7121779986191541,0.8088681944681728,1378956441,1755,3,0.0
4344,4,edge_100,False,0.7299857197113435,0.013601052417885076,0.7121779986191541,1.025004593130814,1378956441,1755,3,0.0
4344,5,cloud,True,0.6527390900573107,0.013473900928655398,0.7121779986191541,0.9165392518765114,1378956441,1755,3,0.0
4345,0,local,True,0.04,0.003999999999999999,0.11999999999534339,0.33333333334626836,40000000,49,0,0.0
4345,1,edge_25,True,0.040802816,0.003122830478633613,0.11999999999534339,0.34002346667986133,40000000,49,0,0.0
4345,2,edge_50,True,0.030802816,0.0022509792625454808,0.11999999999534339,0.2566901333432942,40000000,49,0,0.0
4345,3,edge_75,True,0.026539817642142867,0.0013685008210714328,0.11999999999534339,0.22116514702643955,40000000,49,0,0.0
4345,4,edge_100,True,0.024776415309667912,0.0004977148548339565,0.11999999999534339,0.20647012758857802,40000000,49,0,0.0
4345,5,cloud,False,0.3589977566991437,0.0004988783495718649,0.11999999999534339,2.991647972608955,40000000,49,0,0.0
4346,0,local,False,1.514464507,0.15144645069999998,0.7821209972025827,1.936355771570889,1514464507,2662,3,0.0
4346,1,edge_25,False,1.16584838025,0.12230510745724535,0.7821209972025827,1.4906240650997704,1514464507,2662,3,0.0
4346,2,edge_50,False,0.7872322535,0.09286544195568253,0.7821209972025827,1.0065351222070482,1514464507,2662,3,0.0
4346,3,edge_75,True,0.6498450148697944,0.06382202504739723,0.7821209972025827,0.8308752957587117,1514464507,2662,3,0.0
4346,4,edge_100,False,0.8357150628273965,0.033991404663698245,0.7821209972025827,1.0685240081988645,1514464507,2662,3,0.0
4346,5,cloud,True,0.7222350508800048,0.0346710747400024,0.7821209972025827,0.9234313532857802,1514464507,2662,3,0.0
4347,0,local,False,1.394629957,0.13946299569999998,0.6801365818828344,2.0505145497970725,1394629957,1755,3,0.0
4347,1,edge_25,False,1.090317276638972,0.10775769971312935,0.6801365818828344,1.6030857708324213,1394629957,1755,3,0.0
4347,2,edge_50,False,0.7416597873889721,0.07615434090936887,0.6801365818828344,1.0904571333831534,1394629957,1755,3,0.0
4347,3,edge_75,True,0.5865780801426395,0.04448926761433368,0.6801365818828344,0.8624415974197487,1394629957,1755,3,0.0
4347,4,edge_100,False,0.738580994086343,0.012872666237601391,0.6801365818828344,1.0859304053925696,1394629957,1755,3,0.0
4347,5,cloud,True,0.6541651219523228,0.012619565276161425,0.6801365818828344,0.9618143463793487,1394629957,1755,3,0.0
4348,0,local,False,1.396837827,0.13968378269999998,0.5696366810007021,2.4521556872814485,1396837827,1755,3,0.0
4348,1,edge_25,False,1.07762837025,0.10918616569646385,0.5696366810007021,1.891781913265996,1396837827,1755,3,0.0
4348,2,edge_50,False,0.7284189135,0.0788817499089676,0.5696366810007021,1.2787429914456339,1396837827,1755,3,0.0
4348,3,edge_75,False,0.5803963986268466,0.04821205242592326,0.5696366810007021,1.0188887373039996,1396837827,1755,3,0.0
4348,4,edge_100,False,0.7454787626532572,0.01827992457662862,0.5696366810007021,1.3086916406851588,1396837827,1755,3,0.0
4348,5,cloud,False,0.6659002786263559,0.01826635661317794,0.5696366810007021,1.1689912199062462,1396837827,1755,3,0.0
4349,0,local,True,0.04,0.003999999999999999,0.11999999999534339,0.33333333334626836,40000000,106,0,0.0
4349,1,edge_25,True,0.058395941699077525,0.003189365470645217,0.11999999999534339,0.48663284751119656,40000000,106,0,0.0
4349,2,edge_50,True,0.04839594169907753,0.0023736494783568284,0.11999999999534339,0.4032995141746295,40000000,106,0,0.0
4349,3,edge_75,True,0.0445349498267308,0.001569504063826636,0.11999999999534339,0.37112458190382486,40000000,106,0,0.0
4349,4,edge_100,True,0.03145316011765936,0.0007572902614911148,0.11999999999534339,0.26210966765733257,40000000,106,0,0.0
4349,5,cloud,False,0.35950318364088957,0.0007515918204447817,0.11999999999534339,2.995859863790334,40000000,106,0,0.0
250,0,local,False,0.575700765,0.0575700765,0.2846778328093933,2.0222887019990132,575700765,646,3,0.0
250,1,edge_25,False,0.45235963775,0.04517132897215636,0.2846778328093933,1.589023048566196,575700765,646,3,0.0
250,2,edge_50,False,0.3084344465,0.03283923221471321,0.2846778328093933,1.083450873066443,575700765,646,3,0.0
250,3,edge_75,True,0.24884216431065054,0.020577675842825285,0.2846778328093933,0.8741185144445841,575700765,646,3,0.0
250,4,edge_100,False,0.3112197340309598,0.008082464565479886,0.2846778328093933,1.0932348717131681,575700765,646,3,0.0
250,5,cloud,False,0.48163655199023814,0.008248199495119063,0.2846778328093933,1.6918653174963538,575700765,646,3,0.0
251,0,local,False,1.221084137,0.12210841369999999,0.6419434365961934,1.9021678038716487,1221084137,2271,3,0.0
251,1,edge_25,False,0.9458131027500001,0.09829817892130488,0.6419434365961934,1.4733589422847424,1221084137,2271,3,0.0
251,2,edge_50,True,0.6405420685000001,0.0743001196908293,0.6419434365961934,0.9978169913168303,1221084137,2271,3,0.0
251,3,edge_75,True,0.5297019819940866,0.05142481873454327,0.6419434365961934,0.8251536689941876,1221084137,2271,3,0.0
251,4,edge_100,False,0.673710765483327,0.02633434849166352,0.6419434365961934,1.0494861806759408,1221084137,2271,3,0.0
251,5,cloud,False,0.6493481365071078,0.027565654553553903,0.6419434365961934,1.0115348167592098,1221084137,2271,3,0.0
252,0,local,False,1.556688778,0.1556688778,0.6503771853313083,2.3935168900597397,1556688778,1755,3,0.0
252,1,edge_25,False,1.2081354954922405,0.12013253023626021,0.6503771853313083,1.8575920600240687,1556688778,1755,3,0.0
252,2,edge_50,False,0.8189633009922404,0.08455077691124298,0.6503771853313083,1.2592128375091336,1556688778,1755,3,0.0
252,3,edge_75,True,0.6447197000193517,0.04908846758855567,0.6503771853313083,0.9913012242133393,1556688778,1755,3,0.0
252,4,edge_100,False,0.8195891893938392,0.013514090598277531,0.6503771853313083,1.2601751843068307,1556688778,1755,3,0.0
252,5,cloud,False,0.687570498514148,0.01311637145707404,0.6503771853313083,1.0571872968820286,1556688778,1755,3,0.0
253,0,local,False,1.665272912,0.16652729119999998,0.8128801948478213,2.0486080514137197,1665272912,2271,3,0.0
253,1,edge_25,False,1.298197926100499,0.12876378315482667,0.8128801948478213,1.597034759031783,1665272912,2271,3,0.0
253,2,edge_50,False,0.8818796981004988,0.09103913299345781,0.8128801948478213,1.0848827461783528,1665272912,2271,3,0.0
253,3,edge_75,True,0.6968510109088482,0.05319703620417466,0.8128801948478213,0.8572616423989825,1665272912,2271,3,0.0
253,4,edge_100,False,0.8810572046793995,0.015592806972112442,0.8128801948478213,1.0838709200490997,1665272912,2271,3,0.0
253,5,cloud,True,0.7136744169140781,0.015309917257039,0.8128801948478213,0.8779576885222116,1665272912,2271,3,0.0
254,0,local,True,0.089002418,0.0089002418,0.13814108200313058,0.6442863825113445,89002418,106,0,0.0
254,1,edge_25,True,0.09514775519907753,0.006862649252830405,0.13814108200313058,0.6887723320201102,89002418,106,0,0.0
254,2,edge_50,True,0.07289715069907753,0.004822891410488243,0.13814108200313058,0.5277007363922741,89002418,106,0,0.0
254,3,edge_75,True,0.06289207175296835,0.0027851721019454077,0.13814108200313058,0.4552742083744724,89002418,106,0,0.0
254,4,edge_100,True,0.05594733489124219,0.0007537731482825314,0.13814108200313058,0.4050014237616461,89002418,106,0,0.0
254,5,cloud,False,0.36931613003440644,0.0007578232172032423,0.13814108200313058,2.6734706625943248,89002418,106,0,0.0
255,0,local,False,1.158708828,0.11587088279999999,0.6971895455644699,1.6619710312234637,1158708828,1329,1,0.0
255,1,edge_25,False,0.899031621,0.09128911178255422,0.6971895455644699,1.2895081785429119,1158708828,1329,1,0.0
255,2,edge_50,True,0.609354414,0.0665832465999775,0.6971895455644699,0.874015420737046,1158708828,1329,1,0.0
255,3,edge_75,True,0.4908220522790596,0.04212084158952983,0.6971895455644699,0.70400087809933,1158708828,1329,1,0.0
255,4,edge_100,True,0.6245933428263495,0.01736946441317479,0.6971895455644699,0.8958730761240203,1158708828,1329,1,0.0
255,5,cloud,True,0.6154919010704099,0.01687506773520491,0.6971895455644699,0.8828186036152985,1158708828,1329,1,0.0
256,0,local,True,0.08778239,0.008778238999999998,0.13167617039289325,0.6666535770145525,87782390,106,0,0.0
256,1,edge_25,True,0.0775734965,0.006855053541168901,0.13167617039289325,0.5891232731673274,87782390,106,0,0.0
256,2,edge_50,True,0.055627899,0.004919534682404417,0.13167617039289325,0.4224598789136893,87782390,106,0,0.0
256,3,edge_75,True,0.04623310699276165,0.0029835631213808228,0.13167617039289325,0.35111217811705825,87782390,106,0,0.0
256,4,edge_100,True,0.05010474958308572,0.0010528540915428592,0.13167617039289325,0.38051493625296035,87782390,106,0,0.0
256,5,cloud,False,0.3697167800274165,0.0010801510137082586,0.13167617039289325,2.8077728789063463,87782390,106,0,0.0
257,0,local,False,1.259074811,0.1259074811,0.6443824493617285,1.953924741816191,1259074811,2271,3,0.0
257,1,edge_25,False,0.9743061082500001,0.10082048345049234,0.6443824493617285,1.5119997591726255,1259074811,2271,3,0.0
257,2,edge_50,False,0.6595374055000001,0.07610131919103438,0.6443824493617285,1.023518573718578,1259074811,2271,3,0.0
257,3,edge_75,True,0.5408713620092493,0.05083602421712462,0.6443824493617285,0.8393638941361475,1259074811,2271,3,0.0
257,4,edge_100,False,0.6928582530603673,0.026410423780183635,0.6443824493617285,1.0752283116131653,1259074811,2271,3,0.0
257,5,cloud,False,0.6526189543534268,0.025401996076713392,0.6443824493617285,1.0127820132281018,1259074811,2271,3,0.0
258,0,local,False,1.545398295,0.15453982949999998,0.5732369397301227,2.695915402324851,1545398295,1755,3,0.0
258,1,edge_25,False,1.2030055220515268,0.11907615312669038,0.5732369397301227,2.098618282725981,1545398295,1755,3,0.0
258,2,edge_50,False,0.8166559483015269,0.08377722596284502,0.5732369397301227,1.4246394321447686,1545398295,1755,3,0.0
258,3,edge_75,False,0.6429211574144996,0.04835495536898634,0.5732369397301227,1.1215626782830568,1545398295,1755,3,0.0
258,4,edge_100,False,0.8141226064272448,0.013019289323355185,0.5732369397301227,1.420220069576343,1545398295,1755,3,0.0
258,5,cloud,False,0.6850606379781949,0.012990489489097446,0.5732369397301227,1.1950741316508988,1545398295,1755,3,0.0
259,0,local,False,0.62232,0.062231999999999996,0.41242990155296866,1.5089109631884317,622320000,646,0,0.0
259,1,edge_25,False,0.487324064,0.048110453001335214,0.41242990155296866,1.1815924649619824,622320000,646,0,0.0
259,2,edge_50,True,0.331744064,0.034066260677789346,0.41242990155296866,0.8043647241648746,622320000,646,0,0.0
259,3,edge_75,True,0.2626805055202649,0.019921220760132443,0.41242990155296866,0.6369094591133292,622320000,646,0,0.0
259,4,edge_100,True,0.3299755843193078,0.005805580959653879,0.41242990155296866,0.8000767720206844,622320000,646,0,0.0
259,5,cloud,False,0.4861421408507266,0.005839070425363295,0.41242990155296866,1.1787267097274008,622320000,646,0,0.0
260,0,local,False,0.73560004,0.073560004,0.6129190251085674,1.2001586014885113,735600040,1329,1,0.0
260,1,edge_25,True,0.5943432856130353,0.05764211366684217,0.6129190251085674,0.9696929957554478,735600040,1329,1,0.0
260,2,edge_50,True,0.41044327561303523,0.041746944069310954,0.6129190251085674,0.6696533453833199,735600040,1329,1,0.0
260,3,edge_75,True,0.333216227644998,0.025751479515981363,0.6129190251085674,0.543654567723648,735600040,1329,1,0.0
260,4,edge_100,True,0.4022531860603579,0.009764013297897806,0.6129190251085674,0.6562909121463575,735600040,1329,1,0.0
260,5,cloud,True,0.5170373921570431,0.009958692078521599,0.6129190251085674,0.8435655787735735,735600040,1329,1,0.0
261,0,local,False,0.643948097,0.0643948097,0.4236420488450676,1.520028757191432,643948097,646,0,0.0
261,1,edge_25,False,0.5202043744490775,0.04942200992752238,0.4236420488450676,1.2279337612195438,643948097,646,0,0.0
261,2,edge_50,True,0.3592173501990775,0.03445505017413115,0.4236420488450676,0.8479265719216857,643948097,646,0,0.0
261,3,edge_75,True,0.28554521961414847,0.01950939319503549,0.4236420488450676,0.6740247347792824,643948097,646,0,0.0
261,4,edge_100,True,0.34424486717942915,0.004617831542376035,0.4236420488450676,0.8125842751396115,643948097,646,0,0.0
261,5,cloud,False,0.48801011831281577,0.0046102494564078875,0.4236420488450676,1.1519397558463054,643948097,646,0,0.0
262,0,local,False,3.547675495,0.35476754949999995,1.4664896555041196,2.4191616229167696,3547675495,2893,3,0.0
262,1,edge_25,False,2.7072941913631756,0.27122789761796207,1.4664896555041196,1.8461052085856806,3547675495,2893,3,0.0
262,2,edge_50,False,1.8203753176131756,0.1877132353584799,1.4664896555041196,1.2413148028564882,3547675495,2893,3,0.0
262,3,edge_75,True,1.4075304005687908,0.10399914729030756,1.4664896555041196,0.9597956557592894,3547675495,2893,3,0.0
262,4,edge_100,False,1.8307613316046136,0.02031771728250111,1.4664896555041196,1.2483970307825132,3547675495,2893,3,0.0
262,5,cloud,True,1.1007432449640002,0.02060407298200009,1.4664896555041196,0.7505973470952371,3547675495,2893,3,0.0
263,0,local,True,0.04,0.003999999999999999,0.11999999999534339,0.33333333334626836,40000000,106,0,0.0
263,1,edge_25,True,0.041736704,0.0033351462184594226,0.11999999999534339,0.34780586668016333,40000000,106,0,0.0
263,2,edge_50,True,0.031736704000000004,0.0026767347684511296,0.11999999999534339,0.26447253334359627,40000000,106,0,0.0
263,3,edge_75,True,0.028750900855809856,0.0020070984279049286,0.11999999999534339,0.23959084047437948,40000000,106,0,0.0
263,4,edge_100,True,0.026816733355354765,0.001354443477677382,0.11999999999534339,0.2234727779699616,40000000,106,0,0.0
263,5,cloud,False,0.3606636161365086,0.0013318080682543185,0.11999999999534339,3.005530134587535,40000000,106,0,0.0
264,0,local,False,1.304651257,0.1304651257,0.6963864393474068,1.8734587339503714,1304651257,2662,3,0.0
264,1,edge_25,False,1.0241160952131314,0.10267619535371869,0.6963864393474068,1.4706146434626792,1304651257,2662,3,0.0
264,2,edge_50,False,0.6979532809631315,0.07480685863960498,0.6963864393474068,1.0022499599750865,1304651257,2662,3,0.0
264,3,edge_75,True,0.5629839525378918,0.04667232077488013,0.6963864393474068,0.8084361221414244,1304651257,2662,3,0.0
264,4,edge_100,False,0.7067397139547102,0.01922220354630711,0.6963864393474068,1.0148671398842941,1304651257,2662,3,0.0
264,5,cloud,True,0.6493797169057988,0.019224732752899407,0.6963864393474068,0.9324990841498023,1304651257,2662,3,0.0
265,0,local,False,0.601771391,0.06017713909999999,0.3379777617374202,1.7805058767964883,601771391,646,2,0.0
265,1,edge_25,False,0.47191260725,0.04667981631148197,0.3379777617374202,1.396283012302554,601771391,646,2,0.0
265,2,edge_50,True,0.3214697595,0.03322321860350057,0.3379777617374202,0.951156543103432,601771391,646,2,0.0
265,3,edge_75,True,0.2556918587908228,0.019766046357911397,0.3379777617374202,0.7565345645121867,601771391,646,2,0.0
265,4,edge_100,True,0.3206183035448196,0.00626409282240982,0.3379777617374202,0.948637276892533,601771391,646,2,0.0
265,5,cloud,False,0.4829692722959152,0.006307497047957618,0.3379777617374202,1.4289971914517292,601771391,646,2,0.0
266,0,local,False,0.830605343,0.08306053429999999,0.43715102090209257,1.9000420982341208,830605343,1031,3,0.0
266,1,edge_25,False,0.64984591125,0.06496140554499051,0.43715102090209257,1.4865478522936908,830605343,1031,3,0.0
266,2,edge_50,False,0.4421945755,0.04678439560670496,0.43715102090209257,1.0115373277351605,830605343,1031,3,0.0
266,3,edge_75,True,0.35425795783399633,0.028709658679498123,0.43715102090209257,0.81037888714742,830605343,1031,3,0.0
266,4,edge_100,False,0.44539018351518445,0.010337672807592239,0.43715102090209257,1.0188474056313304,830605343,1031,3,0.0
266,5,cloud,False,0.5365741061033368,0.01022651875166838,0.43715102090209257,1.2274341828050122,830605343,1031,3,0.0
267,0,local,True,0.087993738,0.0087993738,0.12106191532802768,0.7268490487827934,87993738,106,0,0.0
267,1,edge_25,True,0.0777320075,0.006871681504077862,0.12106191532802768,0.6420847323402942,87993738,106,0,0.0
267,2,edge_50,True,0.055733573,0.004963356945186256,0.12106191532802768,0.46037247014459576,87993738,106,0,0.0
267,3,edge_75,True,0.04640382642053557,0.0030345787852677805,0.12106191532802768,0.38330656090150567,87993738,106,0,0.0
267,4,edge_100,True,0.05029659179744424,0.0010959381987221172,0.12106191532802768,0.4154617218896735,87993738,106,0,0.0
267,5,cloud,False,0.36984525470748875,0.0011232535537443705,0.12106191532802768,3.055009114182286,87993738,106,0,0.0
268,0,local,True,0.04,0.003999999999999999,0.11999999999534339,0.33333333334626836,40000000,106,0,0.0
268,1,edge_25,True,0.041736704,0.0033419909430733945,0.11999999999534339,0.34780586668016333,40000000,106,0,0.0
268,2,edge_50,True,0.031736704000000004,0.00267949516637601,0.11999999999534339,0.26447253334359627,40000000,106,0,0.0
268,3,edge_75,True,0.02883158506161208,0.002047440530806039,0.11999999999534339,0.24026320885609076,40000000,106,0,0.0
268,4,edge_100,True,0.02697951285051126,0.0014358332252556298,0.11999999999534339,0.224829273762985,40000000,106,0,0.0
268,5,cloud,False,0.3607737646069127,0.0013868823034563508,0.11999999999534339,3.0064480385076044,40000000,106,0,0.0
269,0,local,False,1.519251395,0.15192513949999997,0.5345644656335935,2.842035886540465,1519251395,1755,3,0.0
269,1,edge_25,False,1.1698805325882409,0.11760757793517955,0.5345644656335935,2.188474183748143,1519251395,1755,3,0.0
269,2,edge_50,False,0.7900676838382407,0.08328706137189289,0.5345644656335935,1.4779652121130264,1519251395,1755,3,0.0
269,3,edge_75,False,0.6222199742017388,0.04901064224424902,0.5345644656335935,1.1639755617954355,1519251395,1755,3,0.0
269,4,edge_100,False,0.7995638586404877,0.014641732961051734,0.5345644656335935,1.4957295331869904,1519251395,1755,3,0.0
269,5,cloud,False,0.6834984411597265,0.014824081079863221,0.5345644656335935,1.2786080727412525,1519251395,1755,3,0.0
270,0,local,False,3.661974433,0.3661974433,1.5731277053855592,2.327830360156605,3661974433,2893,3,0.0
270,1,edge_25,False,2.7764808247499997,0.28415988759203487,1.5731277053855592,1.764943059132958,3661974433,2893,3,0.0
270,2,edge_50,False,1.8609872165,0.20215780662963487,1.5731277053855592,1.182985469093807,3661974433,2893,3,0.0
270,3,edge_75,True,1.4580991964992098,0.11897875288710495,1.5731277053855592,0.9268791030171597,3661974433,2893,3,0.0
270,4,edge_100,False,1.9148101363517882,0.036661459925894056,1.5731277053855592,1.2171994236682049,3661974433,2893,3,0.0
270,5,cloud,True,1.1562970448619607,0.03695107913098044,1.5731277053855592,0.7350306277763781,3661974433,2893,3,0.0
271,0,local,False,1.498881761,0.1498881761,0.5646136238938197,2.6547034955746605,1498881761,1755,3,0.0
271,1,edge_25,False,1.15416132075,0.11835297996817688,0.5646136238938197,2.0441613023617893,1498881761,1755,3,0.0
271,2,edge_50,False,0.7794408805,0.08700339916373512,0.5646136238938197,1.380485428468124,1498881761,1755,3,0.0
271,3,edge_75,False,0.6276152449763404,0.05523933632567015,0.5646136238938197,1.1115836005657005,1498881761,1755,3,0.0
271,4,edge_100,False,0.805788295629241,0.02292370756462051,0.5646136238938197,1.4271499332095043,1498881761,1755,3,0.0
271,5,cloud,False,0.6973088289620846,0.023766238381042307,0.5646136238938197,1.2350194884656542,1498881761,1755,3,0.0
272,0,local,False,1.060493559,0.10604935589999999,0.5403119508118834,1.9627431105428657,1060493559,646,1,0.0
272,1,edge_25,False,0.81595423325,0.08099196408028721,0.5403119508118834,1.5101539620286597,1060493559,646,1,0.0
272,2,edge_50,False,0.5508308435,0.05583886716169662,0.5403119508118834,1.0194681843929432,1060493559,646,1,0.0
272,3,edge_75,True,0.4270568633838457,0.030906196354422828,0.5403119508118834,0.7903894458416876,1060493559,646,1,0.0
272,4,edge_100,False,0.5488345822576438,0.005691690178821938,0.5403119508118834,1.0157735386621638,1060493559,646,1,0.0
272,5,cloud,False,0.5736430197936313,0.005772153996815639,0.5403119508118834,1.0616885651551182,1060493559,646,1,0.0
273,0,local,False,0.653535519,0.06535355189999999,0.5042126257030759,1.2961506429727094,653535519,1031,1,0.0
273,1,edge_25,False,0.51704354325,0.051793263856105935,0.5042126257030759,1.0254474340642157,653535519,1031,1,0.0
273,2,edge_50,True,0.3536596635,0.038366904896076755,0.5042126257030759,0.7014097733210383,653535519,1031,1,0.0
273,3,edge_75,True,0.2887878983036866,0.02474847531434329,0.5042126257030759,0.5727502319105947,653535519,1031,1,0.0
273,4,edge_100,True,0.35862209634806624,0.011221085224033134,0.5042126257030759,0.7112517181575974,653535519,1031,1,0.0
273,5,cloud,True,0.5026136175680405,0.010953256884020244,0.5042126257030759,0.996828702706907,653535519,1031,1,0.0
274,0,local,True,0.054085679,0.005408567899999999,0.11999999999534339,0.45071399168415666,54085679,106,0,0.0
274,1,edge_25,True,0.05230096325,0.004321806057529486,0.11999999999534339,0.4358413604335795,54085679,106,0,0.0
274,2,edge_50,True,0.0387795435,0.00323795116358419,0.11999999999534339,0.32316286251254034,54085679,106,0,0.0
274,3,edge_75,True,0.03360065779300493,0.002143054059002467,0.11999999999534339,0.28000548161924005,54085679,106,0,0.0
274,4,edge_100,True,0.033286773659772784,0.0010680438798863923,0.11999999999534339,0.2773897805088707,54085679,106,0,0.0
274,5,cloud,False,0.362972662794619,0.0010777634973095002,0.11999999999534339,3.0247721900725346,54085679,106,0,0.0
275,0,local,True,0.04,0.003999999999999999,0.11999999999534339,0.33333333334626836,40000000,33,0,0.0
275,1,edge_25,True,0.040540672,0.003072018114146069,0.11999999999534339,0.3378389333464432,40000000,33,0,0.0
275,2,edge_50,True,0.030540672,0.0021456195446578168,0.11999999999534339,0.25450560000987615,40000000,33,0,0.0
275,3,edge_75,True,0.025977908146333897,0.0012186180731669483,0.11999999999534339,0.21648256789451645,40000000,33,0,0.0
275,4,edge_100,True,0.02427236997887223,0.0002915673894361143,0.11999999999534339,0.20226974983178433,40000000,33,0,0.0
275,5,cloud,False,0.35858637987077707,0.00029318993538853016,0.11999999999534339,2.9882198323724336,40000000,33,0,0.0
276,0,local,False,1.122879972,0.11228799719999999,0.6809278749133227,1.6490439198761464,1122879972,1031,1,0.0
276,1,edge_25,False,0.8690518829999999,0.0874351057628368,0.6809278749133227,1.276275968450585,1122879972,1031,1,0.0
276,2,edge_50,True,0.58833189,0.06273023327652046,0.6809278749133227,0.8640149884815487,1122879972,1031,1,0.0
276,3,edge_75,True,0.4671084649529898,0.0376402850264949,0.6809278749133227,0.6859881672672739,1122879972,1031,1,0.0
276,4,edge_100,True,0.5965470225684356,0.012847435084217818,0.6809278749133227,0.8760796033564815,1122879972,1031,1,0.0
276,5,cloud,True,0.6014889896393938,0.01345649761969691,0.6809278749133227,0.8833372987057683,1122879972,1031,1,0.0
277,0,local,False,0.658989742,0.06589897419999999,0.5040494520944776,1.3073910491553928,658989742,1031,1,0.0
277,1,edge_25,False,0.5211342105,0.05200047493100281,0.5040494520944776,1.0338950044177808,658989742,1031,1,0.0
277,2,edge_50,True,0.35638677500000004,0.038098051415420706,0.5040494520944776,0.7070472421289329,658989742,1031,1,0.0
277,3,edge_75,True,0.2896752788860471,0.024305854368023544,0.5040494520944776,0.5746961487258024,658989742,1031,1,0.0
277,4,edge_100,True,0.3597880919183697,0.010440527259184859,0.5040494520944776,0.7137952247013494,658989742,1031,1,0.0
277,5,cloud,True,0.5031672396107193,0.010684645605359653,0.5040494520944776,0.9982497501384191,658989742,1031,1,0.0
278,0,local,False,1.439424198,0.1439424198,0.7168774954625405,2.0079081950693136,1439424198,1755,3,0.0
278,1,edge_25,False,1.123912957388972,0.11111641498487128,0.7168774954625405,1.5677894263702694,1439424198,1755,3,0.0
278,2,edge_50,False,0.7640569078889721,0.07825105295024307,0.7168774954625405,1.0658123776029413,1439424198,1755,3,0.0
278,3,edge_75,True,0.602997879955213,0.04542010335812048,0.7168774954625405,0.8411449428554727,1439424198,1755,3,0.0
278,4,edge_100,False,0.7606667301372022,0.012716974013031016,0.7168774954625405,1.0610832882212438,1439424198,1755,3,0.0
278,5,cloud,True,0.6635704496350944,0.012842805017547192,0.7168774954625405,0.9256399508077017,1439424198,1755,3,0.0
279,0,local,False,1.555320947,0.15553209469999998,0.6204652055166662,2.5067013156763114,1555320947,1755,3,0.0
279,1,edge_25,False,1.19649071025,0.12251563234426616,0.6204652055166662,1.9283768043909455,1555320947,1755,3,0.0
279,2,edge_50,False,0.8076604735,0.08937608897394754,0.6204652055166662,1.3017014754718679,1555320947,1755,3,0.0
279,3,edge_75,False,0.6475623706866567,0.05604153145582835,0.6204652055166662,1.0436723363841596,1555320947,1755,3,0.0
279,4,edge_100,False,0.8339984663000064,0.022918996400003236,0.6204652055166662,1.3441502583622387,1555320947,1755,3,0.0
279,5,cloud,False,0.7065889328680026,0.02276237173400129,0.6204652055166662,1.138805087836667,1555320947,1755,3,0.0
280,0,local,False,1.299700057,0.12997000569999997,0.6154320821951842,2.1118496981244474,1299700057,2893,3,0.0
280,1,edge_25,False,1.00477504275,0.10600774819540039,0.6154320821951842,1.6326335136219559,1299700057,2893,3,0.0
280,2,edge_50,False,0.6798500285,0.08185259504318787,0.6154320821951842,1.104671089090844,1299700057,2893,3,0.0
280,3,edge_75,True,0.5696712301747354,0.0586343558248677,0.6154320821951842,0.9256443507832344,1299700057,2893,3,0.0
280,4,edge_100,False,0.7314110330996567,0.03553050229982841,0.6154320821951842,1.1884512593018994,1299700057,2893,3,0.0
280,5,cloud,False,0.6805126593925097,0.035286323996254865,0.6154320821951842,1.105747781242066,1299700057,2893,3,0.0
281,0,local,False,1.754970344,0.17549703439999997,0.9072776901011821,1.9343254696412526,1754970344,2662,3,0.0
281,1,edge_25,False,1.346227758,0.1496862926880171,0.9072776901011821,1.4838100536230148,1754970344,2662,3,0.0
281,2,edge_50,False,0.907485172,0.12135127816563909,0.9072776901011821,1.0002286862127017,1754970344,2662,3,0.0
281,3,edge_75,True,0.7928583304698592,0.09624648433492962,0.9072776901011821,0.8738871672039433,1754970344,2662,3,0.0
281,4,edge_100,False,1.0321785544697417,0.07209669123487093,0.9072776901011821,1.1376655303346326,1754970344,2662,3,0.0
281,5,cloud,True,0.8362557303109248,0.06763083075546243,0.9072776901011821,0.9217197109935144,1754970344,2662,3,0.0
282,0,local,False,0.848819617,0.0848819617,0.5399878775933757,1.5719234675841782,848819617,1329,2,0.0
282,1,edge_25,False,0.6666147127500001,0.07282721450884008,0.5399878775933757,1.2344994034328627,848819617,1329,2,0.0
282,2,edge_50,True,0.4544098085,0.06114316105438103,0.5399878775933757,0.8415185365368181,848819617,1329,2,0.0
282,3,edge_75,True,0.4016740910612311,0.04790385776811551,0.5399878775933757,0.7438576081585698,848819617,1329,2,0.0
282,4,edge_100,True,0.5063392443125195,0.03571471790625977,0.5399878775933757,0.9376863172728583,848819617,1329,2,0.0
282,5,cloud,False,0.5957312824986665,0.03798367954933327,0.5399878775933757,1.1032308450214263,848819617,1329,2,0.0
283,0,local,False,2.015297249,0.20152972489999998,1.0316457573499065,1.9534779595051108,2015297249,2662,3,0.0
283,1,edge_25,False,1.554116192363035,0.15611067598017186,1.0316457573499065,1.5064436423945091,2015297249,2662,3,0.0
283,2,edge_50,False,1.0502918801130352,0.11049032955983534,1.0316457573499065,1.0180741525182315,2015297249,2662,3,0.0
283,3,edge_75,True,0.8282788938646988,0.06533201616333181,1.0316457573499065,0.802871419732664,2015297249,2662,3,0.0
283,4,edge_100,False,1.0623057574999013,0.01986599676766946,1.0316457573499065,1.0297195039397578,2015297249,2662,3,0.0
283,5,cloud,True,0.7926105158541885,0.01977553302709422,1.0316457573499065,0.7682971700385294,2015297249,2662,3,0.0
284,0,local,False,0.712050755,0.07120507549999999,0.5098374649969628,1.396623049277561,712050755,1031,1,0.0
284,1,edge_25,False,0.56092997025,0.056420483553222225,0.5098374649969628,1.1002133204419209,712050755,1031,1,0.0
284,2,edge_50,True,0.38291728150000004,0.04157477393934157,0.5098374649969628,0.7510575581225306,712050755,1031,1,0.0
284,3,edge_75,True,0.3116281472173429,0.02665987392117143,0.5098374649969628,0.611230379507711,712050755,1031,1,0.0
284,4,edge_100,True,0.38955060075530196,0.01205652842765099,0.5098374649969628,0.7640682129109962,712050755,1031,1,0.0
284,5,cloud,False,0.5168341089731473,0.012211978986573661,0.5098374649969628,1.0137232833138816,712050755,1031,1,0.0
285,0,local,False,1.072577753,0.1072577753,0.6931814752024366,1.547326048617737,1072577753,1031,0,0.0
285,1,edge_25,False,0.850764277286124,0.0821771983586294,0.6931814752024366,1.2273326794223216,1072577753,1031,0,0.0
285,2,edge_50,True,0.582619839036124,0.057121935731517436,0.6931814752024366,0.8405011672678874,1072577753,1031,0,0.0
285,3,edge_75,True,0.45911837194814414,0.032099819843510076,0.6931814752024366,0.6623350282320561,1072577753,1031,0,0.0
285,4,edge_100,True,0.5666141577294413,0.007054722170898991,0.6931814752024366,0.8174109926465757,1072577753,1031,0,0.0
285,5,cloud,True,0.5785708928403464,0.007027671120173178,0.6931814752024366,0.8346600616691042,1072577753,1031,0,0.0
286,0,local,False,1.163524111,0.11635241109999998,0.8622863493073964,1.3493477102293956,1163524111,1329,0,0.0
286,1,edge_25,False,0.9062224472584179,0.08999261375943182,0.8622863493073964,1.0509530250436085,1163524111,1329,0,0.0
286,2,edge_50,True,0.615341419508418,0.0635951608228718,0.8622863493073964,0.7136160974862598,1163524111,1329,0,0.0
286,3,edge_75,True,0.4863755662653311,0.037325433090956574,0.8622863493073964,0.564053422225687,1163524111,1329,0,0.0
286,4,edge_100,True,0.6150114446500863,0.010748305873569973,0.8622863493073964,0.7132334231477447,1163524111,1329,0,0.0
286,5,cloud,True,0.6042472210183403,0.010771199409170113,0.8622863493073964,0.7007500716017159,1163524111,1329,0,0.0
287,0,local,False,3.452831702,0.3452831702,1.3640936772717396,2.5312277005094317,3452831702,2893,3,0.0
287,1,edge_25,False,2.6361613466131755,0.26413038604838934,1.3640936772717396,1.9325368855060154,3452831702,2893,3,0.0
287,2,edge_50,False,1.7729534211131757,0.18291057491738155,1.3640936772717396,1.2997299603786578,3452831702,2893,3,0.0
287,3,edge_75,False,1.3724165365760328,0.10185433165642863,1.3640936772717396,1.006101383976018,3452831702,2893,3,0.0
287,4,edge_100,False,1.7831802725191699,0.02023813598977917,1.3640936772717396,1.3072271371315392,3452831702,2893,3,0.0
287,5,cloud,True,1.0817318501173334,0.02058275485866675,1.3640936772717396,0.7930040789286957,3452831702,2893,3,0.0
288,0,local,True,0.04,0.003999999999999999,0.11999999999534339,0.33333333334626836,40000000,106,0,0.0
288,1,edge_25,True,0.04975211650163828,0.0032087051168908157,0.11999999999534339,0.4146009708630743,40000000,106,0,0.0
288,2,edge_50,True,0.03975211650163828,0.002416471710235509,0.11999999999534339,0.3312676375265072,40000000,106,0,0.0
288,3,edge_75,True,0.03600167641695419,0.001624779957657955,0.11999999999534339,0.30001397015292697,40000000,106,0,0.0
288,4,edge_100,True,0.028579500024503556,0.0008331296244650789,0.11999999999534339,0.2381625002134382,40000000,106,0,0.0
288,5,cloud,False,0.35964412967337067,0.0008220648366853522,0.11999999999534339,2.997034414061056,40000000,106,0,0.0
289,0,local,False,1.238158581,0.1238158581,0.6706646826205542,1.8461663676131281,1238158581,2271,3,0.0
289,1,edge_25,False,0.9729637446389721,0.0969937237030102,0.6706646826205542,1.4507454617070559,1238158581,2271,3,0.0
289,2,edge_50,True,0.6634240993889721,0.07009516522259547,0.6706646826205542,0.9892038698037738,1238158581,2271,3,0.0
289,3,edge_75,True,0.5330251080675459,0.043139380176786916,0.6706646826205542,0.7947713990019637,1238158581,2271,3,0.0
289,4,edge_100,True,0.6671188772094877,0.016259451799173753,0.6706646826205542,0.9947129981599573,1238158581,2271,3,0.0
289,5,cloud,True,0.630139367644572,0.016253825722286,0.6706646826205542,0.9395744012974805,1238158581,2271,3,0.0
290,0,local,False,1.556414634,0.15564146339999999,0.6577002195699606,2.3664499230632257,1556414634,2271,3,0.0
290,1,edge_25,False,1.1973109755,0.12246965415862218,0.6577002195699606,1.8204509286660504,1556414634,2271,3,0.0
290,2,edge_50,False,0.808207317,0.08947555072710053,0.6577002195699606,1.2288384479002439,1556414634,2271,3,0.0
290,3,edge_75,True,0.6479258453252815,0.05604554463764076,0.6577002195699606,0.9851385571209478,1556414634,2271,3,0.0
290,4,edge_100,False,0.8347737496445795,0.02303321632228977,0.6577002195699606,1.2692313683434666,1556414634,2271,3,0.0
290,5,cloud,False,0.7077067520369318,0.023211912618465856,0.6577002195699606,1.0760324095674898,1556414634,2271,3,0.0
291,0,local,False,1.283500853,0.1283500853,0.8262450363254175,1.553414297903863,1283500853,2893,3,0.0
291,1,edge_25,False,1.0091632098631755,0.10128929056981748,0.8262450363254175,1.2213848985420295,1283500853,2893,3,0.0
291,2,edge_50,True,0.6882879966131756,0.07433849023221158,0.8262450363254175,0.833031324066064,1283500853,2893,3,0.0
291,3,edge_75,True,0.5583728743862271,0.04734876352402577,0.8262450363254175,0.6757957383556509,1283500853,2893,3,0.0
291,4,edge_100,True,0.6986019896538262,0.02028170680710738,0.8262450363254175,0.8455142953242277,1283500853,2893,3,0.0
291,5,cloud,True,0.6479294048306339,0.020614617115316956,0.8262450363254175,0.7841855337639163,1283500853,2893,3,0.0
292,0,local,False,1.260449634,0.1260449634,0.6880014484631829,1.8320450295788158,1260449634,2271,3,0.0
292,1,edge_25,False,0.984082054691242,0.09891588548039051,0.6880014484631829,1.4303488123308847,1260449634,2271,3,0.0
292,2,edge_50,True,0.668969646191242,0.0719178626632357,0.6880014484631829,0.9723375549361807,1260449634,2271,3,0.0
292,3,edge_75,True,0.5376093070399401,0.04460917339934906,0.6880014484631829,0.7814072313958352,1260449634,2271,3,0.0
292,4,edge_100,True,0.6794226446953107,0.017818568739187992,0.6880014484631829,0.9875308347285677,1260449634,2271,3,0.0
292,5,cloud,True,0.6376478871871805,0.01777898019359026,0.6880014484631829,0.9268118382766791,1260449634,2271,3,0.0
293,0,local,False,1.103953873,0.1103953873,0.7561296866770135,1.46000599163297,1103953873,1031,0,0.0
293,1,edge_25,False,0.85485730875,0.08527863622284122,0.7561296866770135,1.1305696943428682,1103953873,1031,0,0.0
293,2,edge_50,True,0.5788688405,0.06004643486378625,0.7561296866770135,0.7655681964346258,1103953873,1031,0,0.0
293,3,edge_75,True,0.455535449967775,0.03492926862138749,0.7561296866770135,0.602456771628331,1103953873,1031,0,0.0
293,4,edge_100,True,0.5812553662681816,0.009933131684090808,0.7561296866770135,0.7687244351199098,1103953873,1031,0,0.0
293,5,cloud,True,0.5907294537544313,0.00996933957721565,0.7561296866770135,0.7812541474869585,1103953873,1031,0,0.0
294,0,local,False,2.124004877,0.21240048769999997,0.8679234792070929,2.4472259685155917,2124004877,2662,3,0.0
294,1,edge_25,False,1.62300365775,0.16650762471987204,0.8679234792070929,1.8699847355583976,2124004877,2662,3,0.0
294,2,edge_50,False,1.0920024385,0.12078770123010298,0.8679234792070929,1.2581782434294997,2124004877,2662,3,0.0
294,3,edge_75,False,0.8691063433264213,0.07440237915071068,0.8679234792070929,1.0013628668283165,2124004877,2662,3,0.0
294,4,edge_100,False,1.1287280643850586,0.028112812942529323,0.8679234792070929,1.3004926026615025,2124004877,2662,3,0.0
294,5,cloud,True,0.8315228828198022,0.02836095370990109,0.8679234792070929,0.9580601317289572,2124004877,2662,3,0.0
295,0,local,False,1.089007607,0.10890076069999999,0.6031515868235147,1.8055288766381865,1089007607,1031,2,0.0
295,1,edge_25,False,0.8436476092499999,0.08509773530855638,0.6031515868235147,1.3987323049136828,1089007607,1031,2,0.0
295,2,edge_50,True,0.5713957075,0.06130706507582422,0.6031515868235147,0.9473500857541364,1089007607,1031,2,0.0
295,3,edge_75,True,0.45624377946791467,0.03771220159645734,0.6031515868235147,0.7564330251881008,1089007607,1031,2,0.0
295,4,edge_100,True,0.5817946738820207,0.013939351991010337,0.6031515868235147,0.9645911352833045,1089007607,1031,2,0.0
295,5,cloud,True,0.5956192572338059,0.013908867916902986,0.6031515868235147,0.9875117138804566,1089007607,1031,2,0.0
296,0,local,False,1.668105924,0.16681059239999999,0.9424526676157257,1.7699625469999214,1668105924,2662,3,0.0
296,1,edge_25,False,1.281079443,0.1326745478680677,0.9424526676157257,1.3593037475727594,1668105924,2662,3,0.0
296,2,edge_50,True,0.864052962,0.09815462545116536,0.9424526676157257,0.916813110822779,1668105924,2662,3,0.0
296,3,edge_75,True,0.7014545007605625,0.0646600377302812,0.9424526676157257,0.7442861852523002,1668105924,2662,3,0.0
296,4,edge_100,True,0.9046085983995729,0.03002781819978642,0.9424526676157257,0.9598451248359315,1668105924,2662,3,0.0
296,5,cloud,True,0.7425469809517183,0.02946289807585917,0.9424526676157257,0.7878878234068338,1668105924,2662,3,0.0
297,0,local,True,0.04,0.003999999999999999,0.11999999999534339,0.33333333334626836,40000000,49,0,0.0
297,1,edge_25,True,0.040802816,0.0031295582035953035,0.11999999999534339,0.34002346667986133,40000000,49,0,0.0
297,2,edge_50,True,0.030802816,0.0022575603456682844,0.11999999999534339,0.2566901333432942,40000000,49,0,0.0
297,3,edge_75,True,0.026549868400531248,0.0013735262002656247,0.11999999999534339,0.22124890334634598,40000000,49,0,0.0
297,4,edge_100,True,0.024823070517760573,0.0005210424588802872,0.11999999999534339,0.20685892098936529,40000000,49,0,0.0
297,5,cloud,False,0.3590004088196637,0.0005002044098318599,0.11999999999534339,2.9916700736132897,40000000,49,0,0.0
298,0,local,False,1.015563008,0.10155630079999999,0.5457941490603844,1.8607070261715877,1015563008,646,1,0.0
298,1,edge_25,False,0.78225632,0.07782600166466488,0.5457941490603844,1.4332442393285063,1015563008,646,1,0.0
298,2,edge_50,True,0.528365568,0.054164078555907866,0.5457941490603844,0.9680674827856095,1015563008,646,1,0.0
298,3,edge_75,True,0.41158173278803234,0.030469845594016165,0.5457941490603844,0.7540970043313833,1015563008,646,1,0.0
298,4,edge_100,True,0.5286169221501458,0.006815497875072889,0.5457941490603844,0.9685280119990106,1015563008,646,1,0.0
298,5,cloud,False,0.5666062685397184,0.006746833469859251,0.5457941490603844,1.0381318112610098,1015563008,646,1,0.0
299,0,local,True,0.04,0.003999999999999999,0.11999999999534339,0.33333333334626836,40000000,49,0,0.0
299,1,edge_25,True,0.040802816,0.003115370369736956,0.11999999999534339,0.34002346667986133,40000000,49,0,0.0
299,2,edge_50,True,0.030802816,0.00223825730807245,0.11999999999534339,0.2566901333432942,40000000,49,0,0.0
299,3,edge_75,True,0.02651740942646968,0.00135729671323484,0.11999999999534339,0.22097841189582243,40000000,49,0,0.0
299,4,edge_100,True,0.024736104343003756,0.00047755937150187854,0.11999999999534339,0.2061342028663637,40000000,49,0,0.0
299,5,cloud,False,0.35892745190636166,0.00046372595318085126,0.11999999999534339,2.991062099335749,40000000,49,0,0.0
550,0,local,False,2.043869106,0.20438691059999997,1.0232084187155124,1.9975100562266452,2043869106,2893,3,0.0
550,1,edge_25,False,1.5629018295000001,0.1598067808168762,1.0232084187155124,1.5274520820127666,2043869106,2893,3,0.0
550,2,edge_50,False,1.051934553,0.1152662254291732,1.0232084187155124,1.0280745679561052,2043869106,2893,3,0.0
550,3,edge_75,True,0.8368175837940047,0.0712800621720023,1.0232084187155124,0.8178368829729783,2043869106,2893,3,0.0
550,4,edge_100,False,1.085577268753422,0.026571357876711037,1.0232084187155124,1.0609541994545006,2043869106,2893,3,0.0
550,5,cloud,True,0.8118364530019457,0.026531315900972883,1.0232084187155124,0.7934223743204605,2043869106,2893,3,0.0
551,0,local,False,1.52306284,0.152306284,0.8318885373591911,1.8308496530495828,1523062840,2271,3,0.0
551,1,edge_25,False,1.1888347001131756,0.11827683829709433,0.8318885373591911,1.429079313782951,1523062840,2271,3,0.0
551,2,edge_50,True,0.8080689901131755,0.08417413833164264,0.8318885373591911,0.9713669005205551,1523062840,2271,3,0.0
551,3,edge_75,True,0.6415226040469271,0.049994805466875764,0.8318885373591911,0.7711641346609056,1523062840,2271,3,0.0
551,4,edge_100,True,0.8093524027504053,0.015766416605396984,0.8318885373591911,0.9729096704706064,1523062840,2271,3,0.0
551,5,cloud,True,0.6870756410070215,0.016231536503510748,0.8318885373591911,0.8259227169881743,1523062840,2271,3,0.0
552,0,local,False,3.502845675,0.3502845675,1.498268439550884,2.337929293932135,3502845675,2893,3,0.0
552,1,edge_25,False,2.65713425625,0.2690882120939898,1.498268439550884,1.7734700846041271,3502845675,2893,3,0.0
552,2,edge_50,False,1.7814228375,0.18809126866314477,1.498268439550884,1.1889877611210935,3502845675,2893,3,0.0
552,3,edge_75,True,1.38143936740051,0.10650726151275494,1.498268439550884,0.9220239383902432,3502845675,2893,3,0.0
552,4,edge_100,False,1.8123032831246348,0.02519022281231741,1.498268439550884,1.2095985173844312,3502845675,2893,3,0.0
552,5,cloud,True,1.1014637643437177,0.025447314671858866,1.498268439550884,0.7351578230359633,3502845675,2893,3,0.0
553,0,local,False,1.150248745,0.11502487449999999,0.7844272875227034,1.466354834024956,1150248745,1329,1,0.0
553,1,edge_25,False,0.89268655875,0.08971562566289175,0.7844272875227034,1.138010588042124,1150248745,1329,1,0.0
553,2,edge_50,True,0.6051243725000001,0.06454790681201028,0.7844272875227034,0.7714218795358851,1150248745,1329,1,0.0
553,3,edge_75,True,0.48219179853077043,0.0391804782028852,0.7844272875227034,0.6147055389334789,1150248745,1329,1,0.0
553,4,edge_100,True,0.6136306752494927,0.014003151374746347,0.7844272875227034,0.7822658454264093,1150248745,1329,1,0.0
553,5,cloud,True,0.6072601148702709,0.013605182935135452,0.7844272875227034,0.774144556837201,1150248745,1329,1,0.0
554,0,local,False,1.540558536,0.1540558536,0.6347629602532834,2.426982405188365,1540558536,1755,3,0.0
554,1,edge_25,False,1.199763710888972,0.11878196690981872,0.6347629602532834,1.8900972268612553,1540558536,1755,3,0.0
554,2,edge_50,False,0.8146240768889721,0.08332315066130547,0.6347629602532834,1.2833516255641642,1540558536,1755,3,0.0
554,3,edge_75,False,0.6413403339674982,0.04815700043926306,0.6347629602532834,1.0103619368584302,1540558536,1755,3,0.0
554,4,edge_100,False,0.8112500723693804,0.012725060629120094,0.6347629602532834,1.2780362484378027,1540558536,1755,3,0.0
554,5,cloud,False,0.6840456647326956,0.012966978766347798,0.6347629602532834,1.0776395403722792,1540558536,1755,3,0.0
555,0,local,True,0.04,0.003999999999999999,0.11999999999534339,0.33333333334626836,40000000,49,0,0.0
555,1,edge_25,True,0.057462053699077524,0.0030848595995392196,0.11999999999534339,0.47885044751089456,40000000,49,0,0.0
555,2,edge_50,True,0.04746205369907752,0.0021717654981829072,0.11999999999534339,0.39551711417432744,40000000,49,0,0.0
555,3,edge_75,True,0.042971599020932456,0.001254772660927465,0.11999999999534339,0.35809665852166644,40000000,49,0,0.0
555,4,edge_100,True,0.030291148140781737,0.0003397146730523004,0.11999999999534339,0.2524262345163099,40000000,49,0,0.0
555,5,cloud,False,0.3586995574623767,0.0003497787311883622,0.11999999999534339,2.989162978969134,40000000,49,0,0.0
556,0,local,False,3.23693876,0.323693876,1.2859114218736067,2.517233072931023,3236938760,2662,3,0.0
556,1,edge_25,False,2.470347325613035,0.2477586405895397,1.2859114218736067,1.9210866966355071,3236938760,2662,3,0.0
556,2,edge_50,False,1.6611126356130352,0.17190994152739625,1.2859114218736067,1.2917784284027514,3236938760,2662,3,0.0
556,3,edge_75,False,1.2863323762602608,0.09584201182361282,1.2859114218736067,1.0003273587740908,3236938760,2662,3,0.0
556,4,edge_100,False,1.6730542133965616,0.019829846965999553,1.2859114218736067,1.3010648983573672,3236938760,2662,3,0.0
556,5,cloud,True,1.03754786508109,0.02008005654054508,1.2859114218736067,0.8068579588237544,3236938760,2662,3,0.0
557,0,local,False,1.088537372,0.1088537372,0.6408547105675098,1.6985712269104556,1088537372,1031,1,0.0
557,1,edge_25,False,0.8625381751004988,0.08338497771467289,0.6408547105675098,1.3459184443486059,1088537372,1031,1,0.0
557,2,edge_50,True,0.5904038321004988,0.05796234519735929,0.6408547105675098,0.9212756376209921,1088537372,1031,1,0.0
557,3,edge_75,True,0.464641913556189,0.03236606077784512,0.6408547105675098,0.7250347167530761,1088537372,1031,1,0.0
557,4,edge_100,True,0.5744343059040948,0.007009159384460123,0.6408547105675098,0.8963565320373533,1088537372,1031,1,0.0
557,5,cloud,True,0.581633911420379,0.006963218510189487,0.6408547105675098,0.9075909123072722,1088537372,1031,1,0.0
558,0,local,False,1.617288891,0.1617288891,0.6489430093206465,2.4921894030310576,1617288891,2271,3,0.0
558,1,edge_25,False,1.257311477138972,0.1254887629524135,0.6489430093206465,1.9374759556393142,1617288891,2271,3,0.0
558,2,edge_50,False,0.8529892543889721,0.0892282298940638,0.6489430093206465,1.31442860488155,1617288891,2271,3,0.0
558,3,edge_75,False,0.6759898436278493,0.05301307258193863,0.6489430093206465,1.0416782890311387,1617288891,2271,3,0.0
558,4,edge_100,False,0.8569988655698827,0.016416868479371266,0.6489430093206465,1.3206072848631836,1617288891,2271,3,0.0
558,5,cloud,False,0.7068292739037381,0.01668574785186902,0.6489430093206465,1.089200844683866,1617288891,2271,3,0.0
559,0,local,False,1.040085733,0.10400857329999999,0.7199013539066073,1.444761462603014,1040085733,1031,0,0.0
559,1,edge_25,False,0.80695620375,0.08088436304735704,0.7199013539066073,1.1209260815679565,1040085733,1031,0,0.0
559,2,edge_50,True,0.5469347705,0.05789212176609433,0.7199013539066073,0.7597357159172029,1040085733,1031,0,0.0
559,3,edge_75,True,0.43437334644896153,0.03472678961198074,0.7199013539066073,0.6033789825394782,1040085733,1031,0,0.0
559,4,edge_100,True,0.5529360748790616,0.011740520989530798,0.7199013539066073,0.7680720030300068,1040085733,1031,0,0.0
559,5,cloud,True,0.5813216424294421,0.011652247914721026,0.7199013539066073,0.8075018046220495,1040085733,1031,0,0.0
560,0,local,False,1.575333625,0.1575333625,0.7043923085147981,2.236443535735889,1575333625,2271,3,0.0
560,1,edge_25,False,1.2115002187500001,0.12357420035663087,0.7043923085147981,1.7199225546690486,1575333625,2271,3,0.0
560,2,edge_50,False,0.8176668125000001,0.08952606928096425,0.7043923085147981,1.1608116707350764,1575333625,2271,3,0.0
560,3,edge_75,True,0.6532767113555407,0.05564664161527028,0.7043923085147981,0.9274330560663929,1575333625,2271,3,0.0
560,4,edge_100,False,0.8424736696227403,0.022153428561370165,0.7043923085147981,1.1960290585782871,1575333625,2271,3,0.0
560,5,cloud,False,0.7095123985453274,0.022222836772663727,0.7043923085147981,1.0072688045690406,1575333625,2271,3,0.0
561,0,local,True,0.04,0.003999999999999999,0.11999999999534339,0.33333333334626836,40000000,33,0,0.0
561,1,edge_25,True,0.054320437511399866,0.003059924162778982,0.11999999999534339,0.4526703126125648,40000000,33,0,0.0
561,2,edge_50,True,0.044320437511399864,0.0021196202462800866,0.11999999999534339,0.3693369792759977,40000000,33,0,0.0
561,3,edge_75,True,0.039688640443199336,0.001184101465899734,0.11999999999534339,0.33073867037282884,40000000,33,0,0.0
561,4,edge_100,True,0.028995289797208307,0.00024156833410917666,0.11999999999534339,0.24162741498611226,40000000,33,0,0.0
561,5,cloud,False,0.3584832542210829,0.00024162711054144873,0.11999999999534339,2.987360451958282,40000000,33,0,0.0
562,0,local,False,1.057523065,0.10575230649999999,0.7154005648044404,1.4782250909867274,1057523065,1031,0,0.0
562,1,edge_25,False,0.8200342027499999,0.08233989778521669,0.7154005648044404,1.146258813723696,1057523065,1031,0,0.0
562,2,edge_50,True,0.5556534365,0.05893414950468534,0.7154005648044404,0.7767025409770143,1057523065,1031,0,0.0
562,3,edge_75,True,0.44216121527427066,0.03578715757463533,0.7154005648044404,0.6180610374484936,1057523065,1031,0,0.0
562,4,edge_100,True,0.5634789696110784,0.012652635355539154,0.7154005648044404,0.7876412143525623,1057523065,1031,0,0.0
562,5,cloud,True,0.5866156959005686,0.012555541450284282,0.7154005648044404,0.8199821537196075,1057523065,1031,0,0.0
563,0,local,False,1.521505974,0.15215059739999998,0.6724274251027964,2.2627066017829387,1521505974,1755,3,0.0
563,1,edge_25,False,1.1711294805,0.11821458632800746,0.6724274251027964,1.7416444314729806,1521505974,1755,3,0.0
563,2,edge_50,False,0.7907529870000001,0.0841805466776447,0.6724274251027964,1.175967781027246,1521505974,1755,3,0.0
563,3,edge_75,True,0.6251186398413403,0.0503145991456701,0.6724274251027964,0.9296447713235018,1521505974,1755,3,0.0
563,4,edge_100,False,0.8034024741858351,0.01607474359291753,0.6724274251027964,1.194779457519919,1521505974,1755,3,0.0
563,5,cloud,False,0.687001138978135,0.01634997208906752,0.6724274251027964,1.0216732889398594,1521505974,1755,3,0.0
564,0,local,False,1.697693929,0.16976939289999998,0.9744774621212855,1.7421582283743997,1697693929,2893,3,0.0
564,1,edge_25,False,1.30327044675,0.13518518869516757,0.9744774621212855,1.3374044012398023,1697693929,2893,3,0.0
564,2,edge_50,True,0.8788469645,0.10013753493722469,0.9744774621212855,0.9018648441462024,1697693929,2893,3,0.0
564,3,edge_75,True,0.7130043901423839,0.06562693160869196,0.9744774621212855,0.7316786871502236,1697693929,2893,3,0.0
564,4,edge_100,True,0.9211458979736381,0.030899466736819117,0.9744774621212855,0.9452716289286436,1697693929,2893,3,0.0
564,5,cloud,True,0.7523263819072175,0.03139379805360869,0.9744774621212855,0.7720305611476331,1697693929,2893,3,0.0
565,0,local,False,1.172901072,0.1172901072,0.5318533412355464,2.2053092103835206,1172901072,2271,3,0.0
565,1,edge_25,False,0.909675804,0.0947805961544903,0.5318533412355464,1.7103884350650798,1172901072,2271,3,0.0
565,2,edge_50,False,0.616450536,0.07225084178138655,0.5318533412355464,1.1590611324691995,1172901072,2271,3,0.0
565,3,edge_75,True,0.5115544966622555,0.050180824131127746,0.5318533412355464,0.9618337556625389,1172901072,2271,3,0.0
565,4,edge_100,False,0.6514025708528765,0.027226017426438286,0.5318533412355464,1.2247785627135588,1172901072,2271,3,0.0
565,5,cloud,False,0.6389824475675221,0.02720111658376106,0.5318533412355464,1.2014260286174088,1172901072,2271,3,0.0
566,0,local,True,0.087759172,0.008775917199999999,0.1204523702035658,0.728579868139465,87759172,106,0,0.0
566,1,edge_25,True,0.077556083,0.006941125747095014,0.1204523702035658,0.6438734486413956,87759172,106,0,0.0
566,2,edge_50,True,0.05561629,0.005103955321778299,0.1204523702035658,0.46172848160652935,87759172,106,0,0.0
566,3,edge_75,True,0.04676241600824316,0.003251990554121579,0.1204523702035658,0.3882232946451296,87759172,106,0,0.0
566,4,edge_100,True,0.050765295523590326,0.0013889315617951624,0.1204523702035658,0.421455347352621,87759172,106,0,0.0
566,5,cloud,False,0.37037013061926966,0.00140914810963482,0.1204523702035658,3.07482642303626,87759172,106,0,0.0
567,0,local,False,1.09207485,0.10920748499999999,0.6722463882179,1.6245157566335902,1092074850,1031,1,0.0
567,1,edge_25,False,0.8459480414999999,0.0847784045323296,0.6722463882179,1.2583898646783014,1092074850,1031,1,0.0
567,2,edge_50,True,0.5729293289999999,0.060471982735190166,0.6722463882179,0.8522609255199037,1092074850,1031,1,0.0
567,3,edge_75,True,0.4539510587347051,0.03606741424235254,0.6722463882179,0.6752748199036255,1092074850,1031,1,0.0
567,4,edge_100,True,0.5789791879453546,0.011764798272677363,0.6722463882179,0.8612603921609855,1092074850,1031,1,0.0
567,5,cloud,True,0.5922489209313629,0.011916975465681472,0.6722463882179,0.8809997811983679,1092074850,1031,1,0.0
568,0,local,False,1.536190074,0.15361900739999998,0.7294036688981578,2.1060904126251234,1536190074,2662,3,0.0
568,1,edge_25,False,1.1821425555,0.12308918059023137,0.7294036688981578,1.6206972982268553,1536190074,2662,3,0.0
568,2,edge_50,False,0.7980950370000001,0.09215427584609658,0.7294036688981578,1.0941746950705744,1536190074,2662,3,0.0
568,3,edge_75,True,0.652141188171538,0.06143970706076898,0.7294036688981578,0.8940744555846106,1536190074,2662,3,0.0
568,4,edge_100,False,0.838648533823078,0.03002674841153901,0.7294036688981578,1.1497728481266707,1536190074,2662,3,0.0
568,5,cloud,True,0.719849283299318,0.03130563424965897,0.7294036688981578,0.9869011001640933,1536190074,2662,3,0.0
569,0,local,False,1.221299144,0.12212991439999998,0.6764854215434752,1.8053591475977013,1221299144,2271,3,0.0
569,1,edge_25,False,0.9586176136130353,0.0958625092678083,0.6764854215434752,1.417055834589672,1221299144,2271,3,0.0
569,2,edge_50,True,0.6532928276130352,0.06935526914987525,0.6764854215434752,0.9657160476902464,1221299144,2271,3,0.0
569,3,edge_75,True,0.5258309996541302,0.043132761120547494,0.6764854215434752,0.7772983465843054,1221299144,2271,3,0.0
569,4,edge_100,True,0.6594848673894358,0.01695507796243675,0.6764854215434752,0.9748692970866234,1221299144,2271,3,0.0
569,5,cloud,True,0.6282037969798021,0.016971984089901093,0.6764854215434752,0.9286287286819672,1221299144,2271,3,0.0
570,0,local,False,0.679677959,0.06796779589999999,0.34595251601422206,1.9646567882514216,679677959,646,2,0.0
570,1,edge_25,False,0.53034253325,0.052389527914918986,0.34595251601422206,1.5329922711942285,679677959,646,2,0.0
570,2,edge_50,False,0.36042304350000004,0.03689786326228351,0.34595251601422206,1.0418280741313732,679677959,646,2,0.0
570,3,edge_75,True,0.28401031054853054,0.021265454936765252,0.34595251601422206,0.8209517127398342,679677959,646,2,0.0
570,4,edge_100,False,0.35861263199523863,0.005784615047619283,0.34595251601422206,1.036594952760789,679677959,646,2,0.0
570,5,cloud,False,0.4976445004265754,0.005854454313287712,0.34595251601422206,1.4384763150735902,679677959,646,2,0.0
571,0,local,False,1.468496298,0.1468496298,0.6411534726794343,2.2903974798156055,1468496298,2271,3,0.0
571,1,edge_25,False,1.1500319432825352,0.11401461002604758,0.6411534726794343,1.7936921381341895,1468496298,2271,3,0.0
571,2,edge_50,False,0.7829078687825352,0.0812401209128021,0.6411534726794343,1.2210927681802881,1468496298,2271,3,0.0
571,3,edge_75,True,0.6227095571606702,0.04839427026406751,0.6411534726794343,0.9712332283849522,1468496298,2271,3,0.0
571,4,edge_100,False,0.7826060679046687,0.015663508490390717,0.6411534726794343,1.220622052679668,1468496298,2271,3,0.0
571,5,cloud,False,0.6751415318852696,0.01572113614263482,0.6411534726794343,1.053010801086043,1468496298,2271,3,0.0
572,0,local,False,0.603964725,0.06039647249999999,0.29029266818542965,2.0805373031819276,603964725,646,3,0.0
572,1,edge_25,False,0.47355760775,0.04697069087002939,0.29029266818542965,1.631310948051594,603964725,646,3,0.0
572,2,edge_50,False,0.3225664265,0.03341143088771099,0.29029266818542965,1.111176622256112,603964725,646,3,0.0
572,3,edge_75,True,0.2570551661665477,0.020091283270773877,0.29029266818542965,0.8855034740400303,603964725,646,3,0.0
572,4,edge_100,False,0.32233184766384876,0.006572531381924368,0.29029266818542965,1.1103685452295113,603964725,646,3,0.0
572,5,cloud,False,0.48412399958690444,0.006665527293452249,0.29029266818542965,1.6677100479770353,603964725,646,3,0.0
573,0,local,False,3.55748118,0.35574811799999995,1.2221486593189184,2.910841617240345,3557481180,2662,3,0.0
573,1,edge_25,False,2.7137385374631315,0.2715833613269401,1.2221486593189184,2.2204651756321114,3557481180,2662,3,0.0
573,2,edge_50,False,1.8243682424631313,0.18725888818377562,1.2221486593189184,1.4927547713220248,3557481180,2662,3,0.0
573,3,edge_75,False,1.408403713407497,0.10329733872218277,1.2221486593189184,1.1523996714052571,3557481180,2662,3,0.0
573,4,edge_100,False,1.8326135864982045,0.01895165906805432,1.2221486593189184,1.499501367959187,3557481180,2662,3,0.0
573,5,cloud,True,1.1001540275429955,0.019328895771497753,1.2221486593189184,0.9001802024281496,3557481180,2662,3,0.0
574,0,local,False,1.04126669,0.10412666899999999,0.5663687565829605,1.8384959938154313,1041266690,1031,2,0.0
574,1,edge_25,False,0.8078419215,0.08068149424256502,0.5663687565829605,1.4263532585623286,1041266690,1031,2,0.0
574,2,edge_50,True,0.547525249,0.05736808695178824,0.5663687565829605,0.9667292601084708,1041266690,1031,2,0.0
574,3,edge_75,True,0.4331370048945907,0.03391671332229535,0.5663687565829605,0.7647614736162547,1041266690,1031,2,0.0
574,4,edge_100,True,0.5507664025719033,0.010360445585951696,0.5663687565829605,0.9724519514367461,1041266690,1031,2,0.0
574,5,cloud,False,0.5791874588460442,0.01046706042302205,0.5663687565829605,1.022633138064363,1041266690,1031,2,0.0
575,0,local,False,3.440631185,0.3440631185,1.4216880276799202,2.4201028059685017,3440631185,2662,3,0.0
575,1,edge_25,False,2.61047338875,0.26526123627142045,1.4216880276799202,1.8361787803826985,3440631185,2662,3,0.0
575,2,edge_50,False,1.7503155925,0.18638517566721022,1.4216880276799202,1.2311530788905731,3440631185,2662,3,0.0
575,3,edge_75,True,1.3624187002412085,0.1071067825581042,1.4216880276799202,0.9583105953734207,3440631185,2662,3,0.0
575,4,edge_100,False,1.7884172771458242,0.028800842322912107,1.4216880276799202,1.2579533922532755,3440631185,2662,3,0.0
575,5,cloud,True,1.0964865044141368,0.02918013370706841,1.4216880276799202,0.771256761726772,3440631185,2662,3,0.0
576,0,local,False,3.366991982,0.3366991982,1.2891327175311744,2.6118272666666518,3366991982,2662,3,0.0
576,1,edge_25,False,2.5552439865,0.25971598210161256,1.2891327175311744,1.9821419096348454,3366991982,2662,3,0.0
576,2,edge_50,False,1.713495991,0.18251871439983056,1.2891327175311744,1.3291850929681828,3366991982,2662,3,0.0
576,3,edge_75,False,1.3369818945683558,0.10635475020917788,1.2891327175311744,1.0371173397327296,3366991982,2662,3,0.0
576,4,edge_100,False,1.751094917775329,0.028549463387664474,1.2891327175311744,1.3583511565270494,3366991982,2662,3,0.0
576,5,cloud,True,1.0811180140278855,0.02885980881394272,1.2891327175311744,0.8386398074655501,3366991982,2662,3,0.0
577,0,local,False,1.119031243,0.11190312429999999,0.5818119143368676,1.9233556677426233,1119031243,1031,2,0.0
577,1,edge_25,False,0.8817929887131314,0.08576747587520385,0.5818119143368676,1.5155980257265331,1119031243,1031,2,0.0
577,2,edge_50,False,0.6020351779631314,0.05959491075838878,0.5818119143368676,1.0347591087908774,1119031243,1031,2,0.0
577,3,edge_75,True,0.47331743717816577,0.033556363370017175,0.5818119143368676,0.8135231086108632,1119031243,1031,2,0.0
577,4,edge_100,False,0.5889766562455735,0.007289594991738741,0.5818119143368676,1.0123145328106111,1119031243,1031,2,0.0
577,5,cloud,False,0.5886006033238538,0.007397177361926897,0.5818119143368676,1.0116681848887947,1119031243,1031,2,0.0
578,0,local,False,1.500580826,0.15005808259999998,0.7464170788007323,2.010378471525574,1500580826,2271,3,0.0
578,1,edge_25,False,1.1554356195,0.11944402687916998,0.7464170788007323,1.5479758600331566,1500580826,2271,3,0.0
578,2,edge_50,False,0.780290413,0.08910311090215652,0.7464170788007323,1.0453812421517632,1500580826,2271,3,0.0
578,3,edge_75,True,0.634931996585418,0.05862161406770902,0.7464170788007323,0.8506396954442182,1500580826,2271,3,0.0
578,4,edge_100,False,0.8153974652261279,0.02730352611306397,0.7464170788007323,1.092415337730785,1500580826,2271,3,0.0
578,5,cloud,True,0.7053196328047775,0.027601733802388787,0.7464170788007323,0.9449403729319994,1500580826,2271,3,0.0
579,0,local,False,1.846718792,0.18467187919999997,0.7983178222202696,2.3132626387620077,1846718792,2662,3,0.0
579,1,edge_25,False,1.415039094,0.14607496909414658,0.7983178222202696,1.7725259973083332,1846718792,2662,3,0.0
579,2,edge_50,False,0.9533593960000001,0.10740195525835883,0.7983178222202696,1.1942103376178315,1846718792,2662,3,0.0
579,3,edge_75,True,0.7667918172848256,0.06830410494241282,0.7983178222202696,0.9605094561865545,1846718792,2662,3,0.0
579,4,edge_100,False,0.9953964960725963,0.03076855003629815,0.7983178222202696,1.246867435959546,1846718792,2662,3,0.0
579,5,cloud,True,0.7806049337890182,0.030630587694509107,0.7983178222202696,0.977812234753837,1846718792,2662,3,0.0
580,0,local,False,1.099572249,0.10995722489999998,0.6288058422796894,1.7486673549558343,1099572249,1031,1,0.0
580,1,edge_25,False,0.8515710907499999,0.08548837877652082,0.6288058422796894,1.3542671417661953,1099572249,1031,1,0.0
580,2,edge_50,True,0.5766780284999999,0.060939964798769744,0.6288058422796894,0.9171003030272367,1099572249,1031,1,0.0
580,3,edge_75,True,0.45694975948835537,0.036348437281677685,0.6288058422796894,0.7266945196178801,1099572249,1031,1,0.0
580,4,edge_100,True,0.5830551950023068,0.011928452051153475,0.6288058422796894,0.9272420130329627,1099572249,1031,1,0.0
580,5,cloud,True,0.5943441495824238,0.012214849891211877,0.6288058422796894,0.9451950182709383,1099572249,1031,1,0.0
581,0,local,False,3.118360875,0.31183608749999997,1.3658231462177355,2.283136644473647,3118360875,2662,3,0.0
581,1,edge_25,False,2.3687706562499997,0.2403897265342852,1.3658231462177355,1.734317259748926,3118360875,2662,3,0.0
581,2,edge_50,False,1.5891804375,0.1684818130806092,1.3658231462177355,1.1635330986305146,3118360875,2662,3,0.0
581,3,edge_75,True,1.2374841351733263,0.09700842539916323,1.3658231462177355,0.9060354106607373,3118360875,2662,3,0.0
581,4,edge_100,False,1.6213092364497461,0.025814399474873094,1.3658231462177355,1.1870564947881486,3118360875,2662,3,0.0
581,5,cloud,True,1.0245363184206546,0.02543207171032735,1.3658231462177355,0.7501237047108338,3118360875,2662,3,0.0
582,0,local,True,0.04,0.003999999999999999,0.11999999999534339,0.33333333334626836,40000000,106,0,0.0
582,1,edge_25,True,0.06117576253612402,0.003178414101351787,0.11999999999534339,0.5097980211541496,40000000,106,0,0.0
582,2,edge_50,True,0.05117576253612402,0.0023611618908699183,0.11999999999534339,0.4264646878175825,40000000,106,0,0.0
582,3,edge_75,True,0.047252129447093325,0.0015381834554846498,0.11999999999534339,0.3937677454077246,40000000,106,0,0.0
582,4,edge_100,True,0.03236072149404302,0.0007246023031998042,0.11999999999534339,0.2696726791274898,40000000,106,0,0.0
582,5,cloud,False,0.3594319688875808,0.0007159844437903913,0.11999999999534339,2.995266407512738,40000000,106,0,0.0
583,0,local,False,0.880308693,0.0880308693,0.6408253992849495,1.3737106768587395,880308693,1329,1,0.0
583,1,edge_25,False,0.6902315197500001,0.06941018913631773,0.6408253992849495,1.0770976314612049,880308693,1329,1,0.0
583,2,edge_50,True,0.4701543465,0.050891405159136094,0.6408253992849495,0.7336699622465199,880308693,1329,1,0.0
583,3,edge_75,True,0.38052428709651587,0.03221198093575792,0.6408253992849495,0.5938033784570887,880308693,1329,1,0.0
583,4,edge_100,True,0.47780163600722414,0.01357364475361205,0.6408253992849495,0.7456034616299045,880308693,1329,1,0.0
583,5,cloud,True,0.5529782916021885,0.013458276501094244,0.6408253992849495,0.8629156900135618,880308693,1329,1,0.0
584,0,local,False,1.519311151,0.15193111509999999,0.5992043204314541,2.5355477241986963,1519311151,1755,3,0.0
584,1,edge_25,False,1.1694833632500001,0.11862273660976531,0.5992043204314541,1.951727187827884,1519311151,1755,3,0.0
584,2,edge_50,False,0.7896555755,0.0853197312946726,0.5992043204314541,1.3178402567782095,1519311151,1755,3,0.0
584,3,edge_75,False,0.6282920141368626,0.0522579450309313,0.5992043204314541,1.0485438651117605,1519311151,1755,3,0.0
584,4,edge_100,False,0.8070411842503179,0.01844280437515898,0.5992043204314541,1.346854748425732,1519311151,1755,3,0.0
584,5,cloud,False,0.6912430452092111,0.018690407504605544,0.5992043204314541,1.1536015706820755,1519311151,1755,3,0.0
585,0,local,False,3.275016282,0.32750162819999995,1.0688592385267839,3.0640295409842535,3275016282,2662,3,0.0
585,1,edge_25,False,2.4862622114999997,0.2531187056789148,1.0688592385267839,2.3260894623756374,3275016282,2662,3,0.0
585,2,edge_50,False,1.667508141,0.17894264900700607,1.0688592385267839,1.5600820771295743,3275016282,2662,3,0.0
585,3,edge_75,False,1.3025381528654303,0.10407893060771511,1.0688592385267839,1.218624591448288,3275016282,2662,3,0.0
585,4,edge_100,False,1.7071328916127169,0.02956237530635842,1.0688592385267839,1.5971540779922246,3275016282,2662,3,0.0
585,5,cloud,True,1.066307316385509,0.030652029992754532,1.0688592385267839,0.9976124806248649,3275016282,2662,3,0.0
586,0,local,False,1.055330987,0.1055330987,0.5859559834061656,1.8010414039384917,1055330987,646,0,0.0
586,1,edge_25,False,0.8221179066235025,0.08036717793232383,0.5859559834061656,1.403036968484435,1055330987,646,0,0.0
586,2,edge_50,True,0.5582851598735026,0.05521355377061783,0.5859559834061656,0.9527766174998122,1055330987,646,0,0.0
586,3,edge_75,True,0.43372358949459,0.030060676173043744,0.5859559834061656,0.74019824317409,1055330987,646,0,0.0
586,4,edge_100,True,0.5482471289598592,0.0049323761145666735,0.5859559834061656,0.9356455851391693,1055330987,646,0,0.0
586,5,cloud,True,0.5709254706917943,0.004929636645897209,0.5859559834061656,0.974348734136993,1055330987,646,0,0.0
587,0,local,False,1.504083264,0.1504083264,0.7503915168344975,2.004398011247418,1504083264,2271,3,0.0
587,1,edge_25,False,1.1580624480000001,0.12009188116265962,0.7503915168344975,1.543277638432334,1504083264,2271,3,0.0
587,2,edge_50,False,0.782041632,0.08944058793703773,0.7503915168344975,1.0421781356204791,1504083264,2271,3,0.0
587,3,edge_75,True,0.6383798520656031,0.05977639563280149,0.7503915168344975,0.8507290364349906,1504083264,2271,3,0.0
587,4,edge_100,False,0.8204147449042251,0.02893655645211256,0.7503915168344975,1.0933155912597712,1504083264,2271,3,0.0
587,5,cloud,True,0.7106594290773367,0.02992138813866835,0.7503915168344975,0.9470515232837795,1504083264,2271,3,0.0
588,0,local,False,1.709655094,0.1709655094,0.834482616483001,2.0487605855775506,1709655094,2271,3,0.0
588,1,edge_25,False,1.3122413205,0.13480037056208957,0.834482616483001,1.572520858529749,1709655094,2271,3,0.0
588,2,edge_50,False,0.884827547,0.09878032081310649,0.834482616483001,1.0603307121353611,1709655094,2271,3,0.0
588,3,edge_75,True,0.7103501708622397,0.062356132656119834,0.834482616483001,0.8512462175138792,1709655094,2271,3,0.0
588,4,edge_100,False,0.9194136199155887,0.027043036457794364,0.834482616483001,1.101776839630928,1709655094,2271,3,0.0
588,5,cloud,True,0.7448362775977887,0.02645262939889436,0.834482616483001,0.8925725508063492,1709655094,2271,3,0.0
589,0,local,False,6.818163934,0.6818163933999999,6.125739939045161,1.113035160134919,6818163934,4039,0,0.0
589,1,edge_25,True,5.1436229505,0.5213914689784295,6.125739939045161,0.8396737376516433,6818163934,4039,0,0.0
589,2,edge_50,True,3.439081967,0.3607736442652293,6.125739939045161,0.5614149476179136,6818163934,4039,0,0.0
589,3,edge_75,True,2.646476317482617,0.2002865194663085,6.125739939045161,0.4320255746761479,6818163934,4039,0,0.0
589,4,edge_100,True,3.497997434844663,0.03920773392233154,6.125739939045161,0.5710326376326559,6818163934,4039,0,0.0
589,5,cloud,True,1.7937564856629273,0.040061849431463625,6.125739939045161,0.29282282687673583,6818163934,4039,0,0.0
590,0,local,False,0.811607782,0.08116077819999999,0.42224242773954757,1.9221369731717848,811607782,646,2,0.0
590,1,edge_25,False,0.6393255028735025,0.06209543541245172,0.42224242773954757,1.514119522038791,811607782,646,2,0.0
590,2,edge_50,False,0.4364235573735025,0.04309796823898522,0.42224242773954757,1.0335852787458448,811607782,646,2,0.0
590,3,edge_75,True,0.3425049639525026,0.024056384214500046,0.42224242773954757,0.8111571491905366,811607782,646,2,0.0
590,4,edge_100,False,0.42625669575871294,0.004867960763993523,0.42224242773954757,1.0095070219273217,811607782,646,2,0.0
590,5,cloud,False,0.5223188760777203,0.004998659838860155,0.42224242773954757,1.2370118248749342,811607782,646,2,0.0
591,0,local,False,1.473040556,0.14730405559999998,0.7092675513413269,2.0768475213821196,1473040556,1755,3,0.0
591,1,edge_25,False,1.1453993289922404,0.11375653659416676,0.7092675513413269,1.6149044557672567,1473040556,1755,3,0.0
591,2,edge_50,False,0.7771391899922403,0.08037803529654768,0.7092675513413269,1.0956925754217268,1473040556,1755,3,0.0
591,3,edge_75,True,0.6127082530045509,0.0466755801561553,0.7092675513413269,0.8638605443683861,1473040556,1755,3,0.0
591,4,edge_100,False,0.7774015257268951,0.0133323142648055,0.7092675513413269,1.0960624439348974,1473040556,1755,3,0.0
591,5,cloud,True,0.6717350370676363,0.01356346293381815,0.7092675513413269,0.9470827134235716,1473040556,1755,3,0.0
592,0,local,False,1.575317332,0.1575317332,0.6849937288789079,2.299754385457275,1575317332,1755,3,0.0
592,1,edge_25,False,1.211487999,0.12351022043541314,0.6849937288789079,1.7686118104800417,1575317332,1755,3,0.0
592,2,edge_50,False,0.817658666,0.08944514191769844,0.6849937288789079,1.193673214115723,1575317332,1755,3,0.0
592,3,edge_75,True,0.6518885553967612,0.054955211248380584,0.6849937288789079,0.9516708371384244,1575317332,1755,3,0.0
592,4,edge_100,False,0.8397471738331715,0.02079425391658577,0.6849937288789079,1.2259195061647357,1575317332,1755,3,0.0
592,5,cloud,False,0.7069581208906341,0.020947327245317112,0.6849937288789079,1.0320650994099965,1575317332,1755,3,0.0
593,0,local,False,3.504081801,0.35040818009999997,1.1808874995913357,2.96732906581926,3504081801,2662,3,0.0
593,1,edge_25,False,2.6580613507499997,0.2711600481331913,1.1808874995913357,2.250901420897302,3504081801,2662,3,0.0
593,2,edge_50,False,1.7820409005,0.1920438364527951,1.1808874995913357,1.5090691544424872,3504081801,2662,3,0.0
593,3,edge_75,False,1.3953935043512484,0.11328345951312424,1.1808874995913357,1.1816481289150287,3504081801,2662,3,0.0
593,4,edge_100,False,1.8319920596485553,0.03472557957427769,1.1808874995913357,1.5513688308857063,3504081801,2662,3,0.0
593,5,cloud,True,1.117911938925118,0.033547789362559,1.1808874995913357,0.946670990515175,3504081801,2662,3,0.0
594,0,local,True,0.04,0.003999999999999999,0.11999999999534339,0.33333333334626836,40000000,106,0,0.0
594,1,edge_25,True,0.041736704,0.003350130109856373,0.11999999999534339,0.34780586668016333,40000000,106,0,0.0
594,2,edge_50,True,0.031736704000000004,0.0027116290929718907,0.11999999999534339,0.26447253334359627,40000000,106,0,0.0
594,3,edge_75,True,0.02886690993623672,0.002065102968118359,0.11999999999534339,0.24055758281130754,40000000,106,0,0.0
594,4,edge_100,True,0.02690891845121308,0.0014005360256065403,0.11999999999534339,0.22424098710214405,40000000,106,0,0.0
594,5,cloud,False,0.36076457384088695,0.001382286920443489,0.11999999999534339,3.0063714487907203,40000000,106,0,0.0
595,0,local,False,1.144470543,0.11444705429999999,0.634813097276492,1.8028464565555855,1144470543,2271,3,0.0
595,1,edge_25,False,0.88835290725,0.10194181631696408,0.634813097276492,1.3993928465894254,1144470543,2271,3,0.0
595,2,edge_50,True,0.6022352715,0.08716480906915638,0.634813097276492,0.9486812324505289,1144470543,2271,3,0.0
595,3,edge_75,True,0.5488414859640505,0.07344427974452525,0.634813097276492,0.864571774461993,1144470543,2271,3,0.0
595,4,edge_100,False,0.7090632342616181,0.0631639813808091,0.634813097276492,1.116963776115644,1144470543,2271,3,0.0
595,5,cloud,False,0.6967436617035583,0.05892477655177917,0.634813097276492,1.0975571624038067,1144470543,2271,3,0.0
596,0,local,True,0.096463374,0.0096463374,0.12672286125598475,0.7612152459621355,96463374,106,0,0.0
596,1,edge_25,True,0.08408423450000001,0.007507526704717271,0.12672286125598475,0.663528535156311,96463374,106,0,0.0
596,2,edge_50,True,0.059968391,0.005369759723841467,0.12672286125598475,0.47322472366577717,96463374,106,0,0.0
596,3,edge_75,True,0.04954625271950004,0.0032294760847500176,0.12672286125598475,0.3909811712617096,96463374,106,0,0.0
596,4,edge_100,True,0.05450256307752799,0.0010815148387639914,0.12672286125598475,0.4300925857997386,96463374,106,0,0.0
596,5,cloud,False,0.37139007081381864,0.001048698006909334,0.12672286125598475,2.9307266828800316,96463374,106,0,0.0
597,0,local,True,0.090745492,0.009074549199999999,0.13906865438912064,0.6525229743439513,90745492,106,0,0.0
597,1,edge_25,True,0.079795823,0.007107892758378157,0.13906865438912064,0.5737872660846169,90745492,106,0,0.0
597,2,edge_50,True,0.05710945,0.0051516995333942784,0.13906865438912064,0.41065652249862916,90745492,106,0,0.0
597,3,edge_75,True,0.0475284176805951,0.003149714390297547,0.13906865438912064,0.3417622604415827,90745492,106,0,0.0
597,4,edge_100,True,0.05194596560585134,0.001232686602925667,0.13906865438912064,0.373527491396473,90745492,106,0,0.0
597,5,cloud,False,0.3705382848430742,0.001194593221537103,0.13906865438912064,2.664427052024899,90745492,106,0,0.0
598,0,local,False,0.910936154,0.0910936154,0.4401256207784172,2.0697185326064305,910936154,355,1,0.0
598,1,edge_25,False,0.6990184355,0.06941506605817593,0.4401256207784172,1.5882248215036845,910936154,355,1,0.0
598,2,edge_50,False,0.471284397,0.04780178503001778,0.4401256207784172,1.0707951883520768,910936154,355,1,0.0
598,3,edge_75,True,0.36408375998574793,0.026106594967873986,0.4401256207784172,0.8272269161286732,910936154,355,1,0.0
598,4,edge_100,False,0.4701271599752,0.00456168548759996,0.4401256207784172,1.0681658548841608,910936154,355,1,0.0
598,5,cloud,False,0.5413987921223448,0.004605780661172402,0.4401256207784172,1.2301006043792981,910936154,355,1,0.0
599,0,local,False,1.120677744,0.11206777439999999,0.6454665104101878,1.7362291085990194,1120677744,1031,1,0.0
599,1,edge_25,False,0.867400212,0.08754351518293499,0.6454665104101878,1.3438345723758394,1120677744,1031,1,0.0
599,2,edge_50,True,0.587230776,0.06278584960211833,0.6454665104101878,0.9097772952260845,1120677744,1031,1,0.0
599,3,edge_75,True,0.4680572063421307,0.038472517771065355,0.6454665104101878,0.7251456098701152,1120677744,1031,1,0.0
599,4,edge_100,True,0.5972056264669741,0.013727294033487027,0.6454665104101878,0.9252310024379973,1120677744,1031,1,0.0
599,5,cloud,True,0.6007293924017618,0.013296921800880945,0.6454665104101878,0.9306902569120187,1120677744,1031,1,0.0
4000,0,local,False,1.939672057,0.19396720569999998,0.8933027239982039,2.171349090170131,1939672057,2662,3,0.0
4000,1,edge_25,False,1.4847540427500001,0.1537677536092962,0.8933027239982039,1.662095057882064,1939672057,2662,3,0.0
4000,2,edge_50,False,0.9998360285,0.11333087734455177,0.8933027239982039,1.119257785339531,1939672057,2662,3,0.0
4000,3,edge_75,True,0.8085205799407585,0.07406358070787925,0.8933027239982039,0.9050913628943374,1939672057,2662,3,0.0
4000,4,edge_100,False,1.0484635129680477,0.03406374223402388,0.8933027239982039,1.1736934018015552,1939672057,2662,3,0.0
4000,5,cloud,True,0.8064889952898846,0.0342772919449423,0.8933027239982039,0.9028171230467513,1939672057,2662,3,0.0
4001,0,local,False,1.186766135,0.11867661349999999,0.6108763596275821,1.9427272250697447,1186766135,2271,3,0.0
4001,1,edge_25,False,0.9200746012500001,0.09493599413343716,0.6108763596275821,1.5061551928624626,1186766135,2271,3,0.0
4001,2,edge_50,False,0.6233830675,0.07126465296516432,0.6108763596275821,1.0204733865950264,1186766135,2271,3,0.0
4001,3,edge_75,True,0.509906868016213,0.04710393707060649,0.6108763596275821,0.8347137026665679,1186766135,2271,3,0.0
4001,4,edge_100,False,0.6500662745492041,0.023091603524602027,0.6108763596275821,1.0641535955745838,1186766135,2271,3,0.0
4001,5,cloud,False,0.6334274752635118,0.023037124131755946,0.6108763596275821,1.0369160064561638,1186766135,2271,3,0.0
4002,0,local,True,0.095822972,0.0095822972,0.13069358433131129,0.7331880328347758,95822972,106,0,0.0
4002,1,edge_25,True,0.09923158546313146,0.007373535785064206,0.13069358433131129,0.7592689876159268,95822972,106,0,0.0
4002,2,edge_50,True,0.07527584246313146,0.005172912677773611,0.13069358433131129,0.5759719794072328,95822972,106,0,0.0
4002,3,edge_75,True,0.06442686541408002,0.002960021525474278,0.13069358433131129,0.4929611942599754,95822972,106,0,0.0
4002,4,edge_100,True,0.05900140079987336,0.0007561950188886713,0.13069358433131129,0.45144833315079513,95822972,106,0,0.0
4002,5,cloud,False,0.3706979612834877,0.0007666834417438414,0.13069358433131129,2.8363898899869464,95822972,106,0,0.0
4003,0,local,False,1.491861536,0.14918615359999998,0.7516684619477019,1.9847334450275205,1491861536,1755,3,0.0
4003,1,edge_25,False,1.148896152,0.11586880666314751,0.7516684619477019,1.5284612966506712,1491861536,1755,3,0.0
4003,2,edge_50,False,0.775930768,0.08237344998905453,0.7516684619477019,1.032277935393791,1491861536,1755,3,0.0
4003,3,edge_75,True,0.6134057849915672,0.04927539289578358,0.7516684619477019,0.8160589622213597,1491861536,1755,3,0.0
4003,4,edge_100,False,0.7875635495709796,0.015566390785489811,0.7516684619477019,1.0477538827826665,1491861536,1755,3,0.0
4003,5,cloud,True,0.6795724557301233,0.015600074265061617,0.7516684619477019,0.9040853649350067,1491861536,1755,3,0.0
4004,0,local,False,3.148814232,0.31488142319999995,1.3055502959759906,2.4118674261002253,3148814232,2893,3,0.0
4004,1,edge_25,False,2.391610674,0.2476289415008615,1.3055502959759906,1.831879385552207,3148814232,2893,3,0.0
4004,2,edge_50,False,1.604407116,0.1793557268136844,1.3055502959759906,1.228912529027151,3148814232,2893,3,0.0
4004,3,edge_75,True,1.2791503636823969,0.1128928691411984,1.3055502959759906,0.9797786938006414,3148814232,2893,3,0.0
4004,4,edge_100,False,1.6724226900619652,0.043757787030982626,1.3055502959759906,1.2810097743585678,3148814232,2893,3,0.0
4004,5,cloud,True,1.073748841919,0.046992997759499965,1.3055502959759906,0.8224492348004848,3148814232,2893,3,0.0
4005,0,local,False,3.258389336,0.3258389336,1.3651583270402625,2.3868215660115886,3258389336,2662,3,0.0
4005,1,edge_25,False,2.4737920019999997,0.25109288130549035,1.3651583270402625,1.8120916475404836,3258389336,2662,3,0.0
4005,2,edge_50,False,1.659194668,0.1763897650412223,1.3651583270402625,1.2153862560375868,3258389336,2662,3,0.0
4005,3,edge_75,True,1.2927795025485893,0.10190148417429466,1.3651583270402625,0.9469813698103469,3258389336,2662,3,0.0
4005,4,edge_100,False,1.6926976168022134,0.02650147440110673,1.3651583270402625,1.2399276943005386,3258389336,2662,3,0.0
4005,5,cloud,True,1.0569287289925127,0.027625430896256374,1.3651583270402625,0.7742169593500496,3258389336,2662,3,0.0
4006,0,local,False,1.484757718,0.1484757718,0.6004014131613076,2.472941744394422,1484757718,2271,3,0.0
4006,1,edge_25,False,1.1435682885,0.11685556638694355,0.6004014131613076,1.904672879563596,1484757718,2271,3,0.0
4006,2,edge_50,False,0.772378859,0.08543721342892689,0.6004014131613076,1.2864374434649906,1484757718,2271,3,0.0
4006,3,edge_75,False,0.6192341147753162,0.053343928212658084,0.6004014131613076,1.0313668509120395,1484757718,2271,3,0.0
4006,4,edge_100,False,0.7980735435457553,0.02259734227287767,0.6004014131613076,1.329233286350277,1484757718,2271,3,0.0
4006,5,cloud,False,0.6908615242000405,0.02195499030002029,0.6004014131613076,1.1506660528369366,1484757718,2271,3,0.0
4007,0,local,False,1.504497891,0.15044978909999998,0.7325884427409619,2.0536740729500966,1504497891,1755,3,0.0
4007,1,edge_25,False,1.1749109883631756,0.11590602990403524,0.7325884427409619,1.603780403588234,1504497891,1755,3,0.0
4007,2,edge_50,False,0.7987865156131755,0.08141612951187738,0.7325884427409619,1.0903618853507095,1504497891,1755,3,0.0
4007,3,edge_75,True,0.62915019510696,0.04682540520939218,0.7325884427409619,0.8588044233307992,1504497891,1755,3,0.0
4007,4,edge_100,False,0.7929418653148448,0.01220238513761666,0.7325884427409619,1.0823838038559168,1504497891,1755,3,0.0
4007,5,cloud,True,0.6760480666129228,0.012574244206461402,0.7325884427409619,0.9228210918582136,1504497891,1755,3,0.0
4008,0,local,True,0.04,0.003999999999999999,0.11999999999534339,0.33333333334626836,40000000,49,0,0.0
4008,1,edge_25,True,0.040802816,0.0031192668261703473,0.11999999999534339,0.34002346667986133,40000000,49,0,0.0
4008,2,edge_50,True,0.030802816,0.0022326474244565675,0.11999999999534339,0.2566901333432942,40000000,49,0,0.0
4008,3,edge_75,True,0.026489471343547528,0.0013433276717737632,0.11999999999534339,0.22074559453812878,40000000,49,0,0.0
4008,4,edge_100,True,0.024737651852962814,0.00047833312648140825,0.11999999999534339,0.2061470987826897,40000000,49,0,0.0
4008,5,cloud,False,0.35895263290140983,0.0004763164507049133,0.11999999999534339,2.9912719409611586,40000000,49,0,0.0
4009,0,local,True,0.04,0.003999999999999999,0.11999999999534339,0.33333333334626836,40000000,49,0,0.0
4009,1,edge_25,True,0.040802816,0.003137270892983151,0.11999999999534339,0.34002346667986133,40000000,49,0,0.0
4009,2,edge_50,True,0.030802816,0.0022753805762558165,0.11999999999534339,0.2566901333432942,40000000,49,0,0.0
4009,3,edge_75,True,0.02662449444331082,0.0014108392216554103,0.11999999999534339,0.2218707870361999,40000000,49,0,0.0
4009,4,edge_100,True,0.024913157253406464,0.0005660858267032337,0.11999999999534339,0.2076096437864435,40000000,49,0,0.0
4009,5,cloud,False,0.3591273187884089,0.0005636593942044749,0.11999999999534339,2.9927276566862075,40000000,49,0,0.0
4010,0,local,False,0.667296616,0.06672966159999999,0.313864104449749,2.1260685963750823,667296616,646,3,0.0
4010,1,edge_25,False,0.5419730616540815,0.051090659141458224,0.313864104449749,1.7267761874338636,667296616,646,3,0.0
4010,2,edge_50,False,0.3751489076540816,0.035497488989519176,0.313864104449749,1.1952590383400934,667296616,646,3,0.0
4010,3,edge_75,True,0.29815922292388564,0.019893611534902038,0.313864104449749,0.9499627982199609,667296616,646,3,0.0
4010,4,edge_100,False,0.35657351324055836,0.00419999768081489,0.313864104449749,1.1360761176104714,667296616,646,3,0.0
4010,5,cloud,False,0.491827873277085,0.004184275038542504,0.313864104449749,1.5670089898917663,667296616,646,3,0.0
4011,0,local,True,0.088521952,0.0088521952,0.14532031421549618,0.6091505683694737,88521952,106,0,0.0
4011,1,edge_25,True,0.09375582046313147,0.006830679109701222,0.14532031421549618,0.6451666511269754,88521952,106,0,0.0
4011,2,edge_50,True,0.07162533246313146,0.004807056808106445,0.14532031421549618,0.49287900903460696,88521952,106,0,0.0
4011,3,edge_75,True,0.061686662882688696,0.002776336009778619,0.14532031421549618,0.4244875413028164,88521952,106,0,0.0
4011,4,edge_100,True,0.05534784065447078,0.0007546699461873842,0.14532031421549618,0.3808678845298614,88521952,106,0,0.0
4011,5,cloud,False,0.36924140854462956,0.0007685090723147926,0.14532031421549618,2.540879508401556,88521952,106,0,0.0
4012,0,local,False,1.411623147,0.14116231469999999,0.7004345399327576,2.015353422084978,1411623147,2028,3,0.0
4012,1,edge_25,False,1.08871736025,0.11205730651334307,0.7004345399327576,1.5543456214402531,1411623147,2028,3,0.0
4012,2,edge_50,False,0.7358115735,0.08287278796593821,0.7004345399327576,1.050507265919009,1411623147,2028,3,0.0
4012,3,edge_75,True,0.5954841691778051,0.053353323201402535,0.7004345399327576,0.850163912868963,1411623147,2028,3,0.0
4012,4,edge_100,False,0.7652970309105027,0.024492728705251376,0.7004345399327576,1.0926032159750032,1411623147,2028,3,0.0
4012,5,cloud,True,0.6820987609407645,0.024887065770382244,0.7004345399327576,0.9738222803893232,1411623147,2028,3,0.0
4013,0,local,False,1.614348545,0.16143485449999997,0.8092168446164578,1.9949517310964382,1614348545,2662,3,0.0
4013,1,edge_25,False,1.2547182095515268,0.12594690842884215,0.8092168446164578,1.5505339735559038,1614348545,2662,3,0.0
4013,2,edge_50,False,0.8511310733015268,0.09035524342225887,0.8092168446164578,1.0517960407817943,1614348545,2662,3,0.0
4013,3,edge_75,True,0.6787968385345357,0.05508838030400436,0.8092168446164578,0.8388318199879576,1614348545,2662,3,0.0
4013,4,edge_100,False,0.8613746223186223,0.019407734769043956,0.8092168446164578,1.0644546366640273,1614348545,2662,3,0.0
4013,5,cloud,True,0.7116117011013896,0.019370996050694804,0.8092168446164578,0.8793832034461296,1614348545,2662,3,0.0
4014,0,local,False,1.295192338,0.1295192338,0.658695362159051,1.9662994646791794,1295192338,2662,3,0.0
4014,1,edge_25,False,1.0013942535,0.1056665785895304,0.658695362159051,1.5202691730174953,1295192338,2662,3,0.0
4014,2,edge_50,False,0.6775961690000001,0.0818634011284297,0.658695362159051,1.0286943068477006,1295192338,2662,3,0.0
4014,3,edge_75,True,0.565020847622127,0.057041668886063476,0.658695362159051,0.8577878031053983,1295192338,2662,3,0.0
4014,4,edge_100,False,0.7257286940793578,0.03381626253967892,0.658695362159051,1.1017668193390449,1295192338,2662,3,0.0
4014,5,cloud,False,0.673685315096333,0.03232342374816651,0.658695362159051,1.0227570342808372,1295192338,2662,3,0.0
4015,0,local,False,5.358753141,0.5358753141,3.656980076106265,1.4653492853331818,5358753141,3597,0,0.0
4015,1,edge_25,False,4.04906485575,0.4103188467862536,3.656980076106265,1.1072154541408394,5358753141,3597,0,0.0
4015,2,edge_50,True,2.7093765705,0.2843922769985063,3.656980076106265,0.740878132807544,5358753141,3597,0,0.0
4015,3,edge_75,True,2.0909598600752504,0.15968254462512524,3.656980076106265,0.5717722865752061,5358753141,3597,0,0.0
4015,4,edge_100,True,2.756684386181634,0.03340390784081708,3.656980076106265,0.7538144394586879,5358753141,3597,0,0.0
4015,5,cloud,True,1.4898456795519275,0.03404752567596371,3.656980076106265,0.4073978114581982,5358753141,3597,0,0.0
4016,0,local,True,0.04,0.003999999999999999,0.11999999999534339,0.33333333334626836,40000000,49,0,0.0
4016,1,edge_25,True,0.05643046846313146,0.003088171313974412,0.11999999999534339,0.47025390387767707,40000000,49,0,0.0
4016,2,edge_50,True,0.046430468463131466,0.0021744414042777793,0.11999999999534339,0.38692057054111006,40000000,49,0,0.0
4016,3,edge_75,True,0.04195663379070708,0.00126308266378781,0.11999999999534339,0.3496386149361268,40000000,49,0,0.0
4016,4,edge_100,True,0.029954552131858825,0.0003519440848814055,0.11999999999534339,0.2496212677751768,40000000,49,0,0.0
4016,5,cloud,False,0.3586971672256197,0.00034858361280984786,0.11999999999534339,2.9891430603294915,40000000,49,0,0.0
4017,0,local,False,1.069110891,0.1069110891,0.550001913215965,1.943831221874678,1069110891,1031,2,0.0
4017,1,edge_25,False,0.8367404847516382,0.08219255750309676,0.550001913215965,1.5213410438139363,1069110891,1031,2,0.0
4017,2,edge_50,False,0.5694627620016383,0.05749447351023814,0.550001913215965,1.0353832383452668,1069110891,1031,2,0.0
4017,3,edge_75,True,0.44769119957205783,0.032661421747709786,0.550001913215965,0.8139811677278045,1069110891,1031,2,0.0
4017,4,edge_100,False,0.5630450962042495,0.008136044964338068,0.550001913215965,1.0237147956668342,1069110891,1031,2,0.0
4017,5,cloud,False,0.5800183749483376,0.008098098374168866,0.550001913215965,1.0545751951240692,1069110891,1031,2,0.0
4018,0,local,False,5.348587578,0.5348587577999999,3.941453186213039,1.357009033294885,5348587578,3597,0,0.0
4018,1,edge_25,False,4.0414406835,0.4104263280393751,3.941453186213039,1.0253681808620008,5348587578,3597,0,0.0
4018,2,edge_50,True,2.704293789,0.28601615787803447,3.941453186213039,0.6861159225382794,5348587578,3597,0,0.0
4018,3,edge_75,True,2.089928096209604,0.16081856667980204,3.941453186213039,0.5302430340971812,5348587578,3597,0,0.0
4018,4,edge_100,True,2.7581458616324417,0.03667603631622086,3.941453186213039,0.6997789219672242,5348587578,3597,0,0.0
4018,5,cloud,True,1.4914978894498998,0.03589018692494986,3.941453186213039,0.37841319406432833,5348587578,3597,0,0.0
4019,0,local,False,1.561878396,0.1561878396,0.7360701767029241,2.1219150638545297,1561878396,2271,3,0.0
4019,1,edge_25,False,1.201408797,0.12396664902740312,0.7360701767029241,1.6321932813274207,1561878396,2271,3,0.0
4019,2,edge_50,False,0.810939198,0.09193674880242425,0.7360701767029241,1.1017145153637884,1561878396,2271,3,0.0
4019,3,edge_75,True,0.6575248656448021,0.05995719347240104,0.7360701767029241,0.8932910019395846,1561878396,2271,3,0.0
4019,4,edge_100,False,0.8469678160964094,0.027764309048204695,0.7360701767029241,1.1506617750636612,1561878396,2271,3,0.0
4019,5,cloud,True,0.7175501640918955,0.027587242445947752,0.7360701767029241,0.9748393384256034,1561878396,2271,3,0.0
4020,0,local,False,3.466924318,0.3466924318,1.2862352710217237,2.69540448478453,3466924318,2893,3,0.0
4020,1,edge_25,False,2.6337726025084183,0.26601531140778517,1.2862352710217237,2.0476600679876205,3466924318,2893,3,0.0
4020,2,edge_50,False,1.767041523008418,0.1852945980429771,1.2862352710217237,1.3738089467914876,3466924318,2893,3,0.0
4020,3,edge_75,False,1.3688084139914638,0.10423932331652279,1.2862352710217237,1.0641975421060783,3466924318,2893,3,0.0
4020,4,edge_100,False,1.792498460509868,0.023641762053460948,1.2862352710217237,1.3936007672111128,3466924318,2893,3,0.0
4020,5,cloud,True,1.0905247553295558,0.023569945864777942,1.2862352710217237,0.8478423659330188,3466924318,2893,3,0.0
4021,0,local,False,1.641413413,0.1641413413,0.8300744824809954,1.9774290712973221,1641413413,2271,3,0.0
4021,1,edge_25,False,1.2610600597500001,0.12839927772085086,0.8300744824809954,1.5192131385376881,1641413413,2271,3,0.0
4021,2,edge_50,False,0.8507067065,0.09282862220506043,0.8300744824809954,1.0248558707133575,1641413413,2271,3,0.0
4021,3,edge_75,True,0.6776557576232146,0.05709819919910727,0.8300744824809954,0.8163794598260399,1641413413,2271,3,0.0
4021,4,edge_100,False,0.8724299389614254,0.02061161623071275,0.8300744824809954,1.0510260914825795,1641413413,2271,3,0.0
4021,5,cloud,True,0.7201672254314928,0.020942271415746415,0.8300744824809954,0.8675934998977409,1641413413,2271,3,0.0
4022,0,local,True,0.04,0.003999999999999999,0.11999999999534339,0.33333333334626836,40000000,49,0,0.0
4022,1,edge_25,True,0.040802816,0.0031095067680496796,0.11999999999534339,0.34002346667986133,40000000,49,0,0.0
4022,2,edge_50,True,0.030802816,0.002218370117912743,0.11999999999534339,0.2566901333432942,40000000,49,0,0.0
4022,3,edge_75,True,0.02647416353928739,0.0013356737696436952,0.11999999999534339,0.2206180295026227,40000000,49,0,0.0
4022,4,edge_100,True,0.024673642158602956,0.0004463282793014782,0.11999999999534339,0.2056136846630035,40000000,49,0,0.0
4022,5,cloud,False,0.3588974544797585,0.00044872723987927253,0.11999999999534339,2.990812120780713,40000000,49,0,0.0
4023,0,local,True,0.04,0.003999999999999999,0.11999999999534339,0.33333333334626836,40000000,49,0,0.0
4023,1,edge_25,True,0.06798917855135292,0.003066159096597943,0.11999999999534339,0.5665764879499271,40000000,49,0,0.0
4023,2,edge_50,True,0.057989178551352924,0.0021321066298498905,0.11999999999534339,0.48324315461336,40000000,49,0,0.0
4023,3,edge_75,True,0.05338378626152335,0.0011973038550852156,0.11999999999534339,0.44486488552995757,40000000,49,0,0.0
4023,4,edge_100,True,0.033824902663885575,0.0002643450854560243,0.11999999999534339,0.2818741888766513,40000000,49,0,0.0
4023,5,cloud,False,0.3585312874095527,0.00026564370477634864,0.11999999999534339,2.9877607285288796,40000000,49,0,0.0
4024,0,local,False,3.493177821,0.3493177821,1.466226454707794,2.3824272231509833,3493177821,2662,3,0.0
4024,1,edge_25,False,2.6498833657499996,0.26977738010887115,1.466226454707794,1.8072811039806933,3493177821,2662,3,0.0
4024,2,edge_50,False,1.7765889105000001,0.19021634995978465,1.466226454707794,1.2116742981929478,3493177821,2662,3,0.0
4024,3,edge_75,True,1.3884761543874569,0.11159668128122843,1.466226454707794,0.9469725156910827,3493177821,2662,3,0.0
4024,4,edge_100,False,1.8218636821504353,0.032387385825217656,1.466226454707794,1.2425527286734959,3493177821,2662,3,0.0
4024,5,cloud,True,1.1131429748021766,0.03225370530108839,1.466226454707794,0.7591889855950091,3493177821,2662,3,0.0
4025,0,local,False,1.514287078,0.15142870779999998,0.7143635724205524,2.1197708512333344,1514287078,2271,3,0.0
4025,1,edge_25,False,1.1657153085,0.12035979457494049,0.7143635724205524,1.6318235608656326,1514287078,2271,3,0.0
4025,2,edge_50,False,0.787143539,0.08856450543382184,0.7143635724205524,1.101880848057299,1514287078,2271,3,0.0
4025,3,edge_75,True,0.6380916610583126,0.05797418035415626,0.7143635724205524,0.8932309620662771,1514287078,2271,3,0.0
4025,4,edge_100,False,0.8213941735834345,0.026875317291717254,0.7143635724205524,1.1498265103303338,1514287078,2271,3,0.0
4025,5,cloud,True,0.705148597287046,0.026145590843523032,0.7143635724205524,0.9871004408829495,1514287078,2271,3,0.0
4026,0,local,False,5.955213201,0.5955213200999999,4.702259967220016,1.2664576698256715,5955213201,3878,0,0.0
4026,1,edge_25,True,4.496409900750001,0.45516974541419003,4.702259967220016,0.9562231633501722,5955213201,3878,0,0.0
4026,2,edge_50,True,3.0076066005,0.31500337696500497,4.702259967220016,0.6396087458937542,5955213201,3878,0,0.0
4026,3,edge_75,True,2.3145544956242854,0.17455510264964264,4.702259967220016,0.4922217214189147,5955213201,3878,0,0.0
4026,4,edge_100,True,3.0569026131065056,0.03439800630325265,4.702259967220016,0.6500922182985455,5955213201,3878,0,0.0
4026,5,cloud,True,1.6112422738027334,0.03509981680136668,4.702259967220016,0.3426527425184666,5955213201,3878,0,0.0
4027,0,local,True,0.04,0.003999999999999999,0.11999999999534339,0.33333333334626836,40000000,33,0,0.0
4027,1,edge_25,True,0.059200391782535104,0.0030566477331159685,0.11999999999534339,0.49333659820693654,40000000,33,0,0.0
4027,2,edge_50,True,0.0492003917825351,0.0021110976670422506,0.11999999999534339,0.4100032648703694,40000000,33,0,0.0
4027,3,edge_75,True,0.0445329334246746,0.0011662708210697465,0.11999999999534339,0.37110777855335586,40000000,33,0,0.0
4027,4,edge_100,True,0.030665390186187164,0.00022262653114993783,0.11999999999534339,0.2555449182281428,40000000,33,0,0.0
4027,5,cloud,False,0.3584572896128906,0.00022864480644531278,0.11999999999534339,2.987144080223338,40000000,33,0,0.0
4028,0,local,False,0.810071952,0.08100719519999999,0.41266988567076623,1.9630023418919564,810071952,355,0,0.0
4028,1,edge_25,False,0.6233702839999999,0.061592839593877825,0.41266988567076623,1.5105785656899942,810071952,355,0,0.0
4028,2,edge_50,False,0.420852296,0.042200218487197294,0.41266988567076623,1.0198279802170054,810071952,355,0,0.0
4028,3,edge_75,True,0.3247541189802696,0.022832207290134833,0.41266988567076623,0.786958608458682,810071952,355,0,0.0
4028,4,edge_100,False,0.4175219136268452,0.003475112813422579,0.41266988567076623,1.0117576496966634,810071952,355,0,0.0
4028,5,cloud,False,0.518775326909718,0.0033804682548589857,0.41266988567076623,1.2571194189914892,810071952,355,0,0.0
4029,0,local,True,0.089391718,0.0089391718,0.12929076189175248,0.6914006591966904,89391718,106,0,0.0
4029,1,edge_25,True,0.09440814496313146,0.006891361605412104,0.12929076189175248,0.7302002369061281,89391718,106,0,0.0
4029,2,edge_50,True,0.07206021546313146,0.004845547186581529,0.12929076189175248,0.5573500721069555,89391718,106,0,0.0
4029,3,edge_75,True,0.06201954504722102,0.002801440117044778,0.12929076189175248,0.47969046001249743,89391718,106,0,0.0
4029,4,edge_100,True,0.05580901240040857,0.0007678143191562827,0.12929076189175248,0.43165506633129874,89391718,106,0,0.0
4029,5,cloud,False,0.3693760455106056,0.000748850955302803,0.12929076189175248,2.856940744303621,89391718,106,0,0.0
4030,0,local,False,1.490567469,0.14905674689999998,0.7336426283000037,2.0317350866782946,1490567469,2271,3,0.0
4030,1,edge_25,False,1.1479256017500001,0.11903171863551301,0.7336426283000037,1.5646931591338589,1490567469,2271,3,0.0
4030,2,edge_50,False,0.7752837345,0.08855550164471745,0.7336426283000037,1.0567593874642849,1490567469,2271,3,0.0
4030,3,edge_75,True,0.6319823913952239,0.05877398198511191,0.7336426283000037,0.8614308479588396,1490567469,2271,3,0.0
4030,4,edge_100,False,0.8110926047516237,0.027654435125811897,0.7336426283000037,1.1055690788185073,1490567469,2271,3,0.0
4030,5,cloud,True,0.704132316537003,0.028009411368501477,0.7336426283000037,0.9597756310434388,1490567469,2271,3,0.0
4031,0,local,False,1.415114516,0.14151145159999998,0.6999765563523397,2.02165987297393,1415114516,1755,3,0.0
4031,1,edge_25,False,1.091335887,0.10995145829784865,0.6999765563523397,1.5591034829610293,1415114516,1755,3,0.0
4031,2,edge_50,False,0.737557258,0.07850362029260334,0.6999765563523397,1.0536885147175468,1415114516,1755,3,0.0
4031,3,edge_75,True,0.583396337586029,0.04674205994301448,0.6999765563523397,0.8334512524621912,1415114516,1755,3,0.0
4031,4,edge_100,False,0.749146441582162,0.015544591791081024,0.6999765563523397,1.0702450457570356,1415114516,1755,3,0.0
4031,5,cloud,True,0.6633851965715714,0.015181146685785676,0.6999765563523397,0.9477248781424192,1415114516,1755,3,0.0
4032,0,local,False,1.214933938,0.12149339379999999,0.7107642746996135,1.7093345589344104,1214933938,2271,3,0.0
4032,1,edge_25,False,0.9412004535,0.09688134599023587,0.7107642746996135,1.3242090057182103,1214933938,2271,3,0.0
4032,2,edge_50,True,0.637466969,0.07245780310724513,0.7107642746996135,0.8968753659846076,1214933938,2271,3,0.0
4032,3,edge_75,True,0.51994533799473,0.047545904072364996,0.7107642746996135,0.7315299270133853,1214933938,2271,3,0.0
4032,4,edge_100,True,0.665157315797428,0.02359517339871405,0.7107642746996135,0.9358339177620314,1214933938,2271,3,0.0
4032,5,cloud,True,0.639818128241348,0.02341567032067399,0.7107642746996135,0.9001832970737744,1214933938,2271,3,0.0
4033,0,local,False,1.306881414,0.13068814139999999,0.6304424711270258,2.0729590309227133,1306881414,2662,3,0.0
4033,1,edge_25,False,1.013740424508418,0.1034244576070612,0.6304424711270258,1.6079824423887248,1306881414,2662,3,0.0
4033,2,edge_50,False,0.687020071008418,0.07616687490660323,0.6304424711270258,1.0897426846580465,1306881414,2662,3,0.0
4033,3,edge_75,True,0.5557893806855543,0.048736778563568145,0.6304424711270258,0.881586197217938,1306881414,2662,3,0.0
4033,4,edge_100,False,0.708995002848477,0.021900759222765343,0.6304424711270258,1.1245990480004067,1306881414,2662,3,0.0
4033,5,cloud,False,0.654481483380125,0.02155260029006251,0.6304424711270258,1.0381303820000027,1306881414,2662,3,0.0
4034,0,local,False,1.2714739,0.12714739,0.6762962393695489,1.8800546653716166,1271473900,2271,3,0.0
4034,1,edge_25,False,1.0002646626990774,0.09940402856365203,0.6762962393695489,1.4790333059245393,1271473900,2271,3,0.0
4034,2,edge_50,False,0.6823961876990775,0.07166835173165094,0.6762962393695489,1.0090196395816353,1271473900,2271,3,0.0
4034,3,edge_75,True,0.547530827819158,0.04382128631004021,0.6762962393695489,0.8096020588988821,1271473900,2271,3,0.0
4034,4,edge_100,False,0.6844637507139044,0.01619803375961367,0.6762962393695489,1.0120768250197123,1271473900,2271,3,0.0
4034,5,cloud,True,0.6362974877878932,0.016001353893946597,0.6762962393695489,0.940856167381704,1271473900,2271,3,0.0
4035,0,local,False,1.533402695,0.1533402695,0.9120490410132334,1.681272197048175,1533402695,2662,3,0.0
4035,1,edge_25,False,1.18005202125,0.12349087997506922,0.9120490410132334,1.293847115873321,1533402695,2662,3,0.0
4035,2,edge_50,True,0.7967013475,0.09364742197068762,0.9120490410132334,0.8735290666112769,1533402695,2662,3,0.0
4035,3,edge_75,True,0.6565577313161317,0.06410092772056585,0.9120490410132334,0.7198710834526335,1533402695,2662,3,0.0
4035,4,edge_100,True,0.8440470842720327,0.03342286838601636,0.9120490410132334,0.9254404602348417,1533402695,2662,3,0.0
4035,5,cloud,True,0.7233134599490993,0.03331646047454969,0.9120490410132334,0.7930642185046762,1533402695,2662,3,0.0
4036,0,local,True,0.04,0.003999999999999999,0.11999999999534339,0.33333333334626836,40000000,106,0,0.0
4036,1,edge_25,True,0.041736704,0.0032625471349633822,0.11999999999534339,0.34780586668016333,40000000,106,0,0.0
4036,2,edge_50,True,0.031736704000000004,0.002513091176472593,0.11999999999534339,0.26447253334359627,40000000,106,0,0.0
4036,3,edge_75,True,0.02829763479459719,0.0017804653972985935,0.11999999999534339,0.23581362329746067,40000000,106,0,0.0
4036,4,edge_100,True,0.026208431096113833,0.001050292348056917,0.11999999999534339,0.21840359247609045,40000000,106,0,0.0
4036,5,cloud,False,0.36003969124906005,0.0010198456245300283,0.11999999999534339,3.000330760525262,40000000,106,0,0.0
4037,0,local,False,1.411380029,0.14113800289999998,0.5303729346487671,2.661108696910918,1411380029,1755,3,0.0
4037,1,edge_25,False,1.08853502175,0.11142105998335876,0.5303729346487671,2.052395495013087,1411380029,1755,3,0.0
4037,2,edge_50,False,0.7356900145,0.08170671817488039,0.5303729346487671,1.3871183207853577,1411380029,1755,3,0.0
4037,3,edge_75,False,0.5919630183305794,0.05163225445278966,0.5303729346487671,1.1161259929724725,1411380029,1755,3,0.0
4037,4,edge_100,False,0.7585176625314881,0.02116382401574408,0.5303729346487671,1.4301590691723494,1411380029,1755,3,0.0
4037,5,cloud,False,0.6771005319168399,0.02241226305841994,0.5303729346487671,1.2766498583967927,1411380029,1755,3,0.0
4038,0,local,False,1.51656942,0.151656942,0.7164095680927858,2.116902799103294,1516569420,2271,3,0.0
4038,1,edge_25,False,1.167427065,0.1195771880781255,0.7164095680927858,1.6295525869481418,1516569420,2271,3,0.0
4038,2,edge_50,False,0.78828471,0.08743291173459443,0.7164095680927858,1.1003268871723184,1516569420,2271,3,0.0
4038,3,edge_75,True,0.6335575522113817,0.055336245355690816,0.7164095680927858,0.884351047820353,1516569420,2271,3,0.0
4038,4,edge_100,False,0.8151786910570498,0.02319699052852489,0.7164095680927858,1.1378668395331537,1516569420,2271,3,0.0
4038,5,cloud,True,0.7002098041227325,0.023447960061366246,0.7164095680927858,0.9773875661471412,1516569420,2271,3,0.0
4039,0,local,False,1.482951503,0.14829515029999998,0.6487850775010884,2.2857361465708377,1482951503,1755,3,0.0
4039,1,edge_25,False,1.161652685786124,0.11421390133101753,0.6487850775010884,1.790504630994962,1482951503,1755,3,0.0
4039,2,edge_50,False,0.7909148100361241,0.07997999868500298,0.6487850775010884,1.2190705943522526,1482951503,1755,3,0.0
4039,3,edge_75,True,0.6233357055047456,0.04596870424681073,0.6487850775010884,0.9607738018661502,1482951503,1755,3,0.0
4039,4,edge_100,False,0.7824018299621783,0.011811203987267458,0.6487850775010884,1.2059491765373809,1482951503,1755,3,0.0
4039,5,cloud,False,0.6705970114811255,0.012003355440562781,0.6487850775010884,1.0336196604028713,1482951503,1755,3,0.0
4040,0,local,False,1.473870329,0.1473870329,0.6552971919300035,2.249163199767585,1473870329,2271,3,0.0
4040,1,edge_25,False,1.13540274675,0.11728503180127456,0.6552971919300035,1.7326531545266866,1473870329,2271,3,0.0
4040,2,edge_50,False,0.7669351645,0.08725281943225699,0.6552971919300035,1.17036235458479,1473870329,2271,3,0.0
4040,3,edge_75,True,0.624525524521276,0.057758833798137954,0.6552971919300035,0.9530416614206788,1473870329,2271,3,0.0
4040,4,edge_100,False,0.8005323052865774,0.026548570393288715,0.6552971919300035,1.221632436618296,1473870329,2271,3,0.0
4040,5,cloud,False,0.6977775912698577,0.02650176273492887,0.6552971919300035,1.0648261580592762,1473870329,2271,3,0.0
4041,0,local,False,1.372628821,0.13726288209999998,0.6483133507426828,2.117230532777968,1372628821,1755,3,0.0
4041,1,edge_25,False,1.0789106742861239,0.1058962003079165,0.6483133507426828,1.664180867246009,1372628821,1755,3,0.0
4041,2,edge_50,False,0.735753469036124,0.07460886295210833,0.6483133507426828,1.1348732340515173,1372628821,1755,3,0.0
4041,3,edge_75,True,0.5821037309383003,0.04328015278858813,0.6483133507426828,0.897874045431063,1372628821,1755,3,0.0
4041,4,edge_100,False,0.7270218122552883,0.011701865633822469,0.6483133507426828,1.1214049678638272,1372628821,1755,3,0.0
4041,5,cloud,True,0.647988485146477,0.011731360473238498,0.6483133507426828,0.9994989065151386,1372628821,1755,3,0.0
4042,0,local,True,0.09301396,0.009301396,0.13132869557011873,0.7082531323121092,93013960,106,0,0.0
4042,1,edge_25,True,0.09414042961303523,0.007172707751614681,0.13132869557011873,0.7168306150027355,93013960,106,0,0.0
4042,2,edge_50,True,0.07088693961303523,0.005041453332517018,0.13132869557011873,0.5397673319247082,93013960,106,0,0.0
4042,3,edge_75,True,0.0604414051919565,0.002915954289460638,0.13132869557011873,0.4602299971805154,93013960,106,0,0.0
4042,4,edge_100,True,0.056630185927546775,0.0007951100314922244,0.13132869557011873,0.4312095363599413,93013960,106,0,0.0
4042,5,cloud,False,0.37020589126163295,0.0008015496308165005,0.13132869557011873,2.818926127717255,93013960,106,0,0.0
4043,0,local,False,0.814456802,0.0814456802,0.3517389309126884,2.3155150892358045,814456802,355,2,0.0
4043,1,edge_25,False,0.6266589215,0.06199167725425925,0.3517389309126884,1.7816023943495598,814456802,355,2,0.0
4043,2,edge_50,False,0.423044721,0.042563895567159164,0.3517389309126884,1.2027236220406088,814456802,355,2,0.0
4043,3,edge_75,True,0.3265695146550248,0.0230273670025124,0.3517389309126884,0.9284429045361734,814456802,355,2,0.0
4043,4,edge_100,False,0.42010946873459415,0.0036726778672970506,0.3517389309126884,1.194378647949201,814456802,355,2,0.0
4043,5,cloud,False,0.5201407843530019,0.0036247119765009947,0.3517389309126884,1.4787694469968002,814456802,355,2,0.0
4044,0,local,False,1.452804379,0.14528043789999998,0.6692426662193611,2.1708185271675533,1452804379,2271,3,0.0
4044,1,edge_25,False,1.1361408543631757,0.11302824799408659,0.6692426662193611,1.697651557067309,1452804379,2271,3,0.0
4044,2,edge_50,False,0.7729397596131755,0.08075184814103693,0.6692426662193611,1.1549469252754203,1452804379,2271,3,0.0
4044,3,edge_75,True,0.6151438970763035,0.04822245189406391,0.6692426662193611,0.9191641957786872,1452804379,2271,3,0.0
4044,4,edge_100,False,0.7742540171184147,0.01578183903940162,0.6692426662193611,1.1569107234185716,1452804379,2271,3,0.0
4044,5,cloud,False,0.6726671604820224,0.016053142341011194,0.6692426662193611,1.005116969427557,1452804379,2271,3,0.0
4045,0,local,False,5.27311188,0.527311188,4.548501029028557,1.1593076150465775,5273111880,3597,0,0.0
4045,1,edge_25,True,3.98483391,0.40343724014067284,4.548501029028557,0.8760762907535403,5273111880,3597,0,0.0
4045,2,edge_50,True,2.66655594,0.2795060797089626,4.548501029028557,0.586249386991896,5273111880,3597,0,0.0
4045,3,edge_75,True,2.0547275191943166,0.1554830790971584,4.548501029028557,0.45173728797268264,5273111880,3597,0,0.0
4045,4,edge_100,True,2.7109364874456245,0.031940273722812246,4.548501029028557,0.5960065679098265,5273111880,3597,0,0.0
4045,5,cloud,True,1.4682748837560295,0.031826253878014785,4.548501029028557,0.32280412258576874,5273111880,3597,0,0.0
4046,0,local,False,1.1314875,0.11314874999999999,0.6874677505111322,1.6458772053798003,1131487500,2271,3,0.0
4046,1,edge_25,False,0.878615625,0.09154606362463966,0.6874677505111322,1.278046314676942,1131487500,2271,3,0.0
4046,2,edge_50,True,0.59574375,0.06997150277744156,0.6874677505111322,0.8665770133319921,1131487500,2271,3,0.0
4046,3,edge_75,True,0.49593678616820525,0.0491016743341026,0.6874677505111322,0.7213964375775829,1131487500,2271,3,0.0
4046,4,edge_100,True,0.631059682834772,0.027407966417386017,0.6874677505111322,0.9179480526404027,1131487500,2271,3,0.0
4046,5,cloud,True,0.6314718597925653,0.02758717989628261,0.6874677505111322,0.9185476108851157,1131487500,2271,3,0.0
4047,0,local,False,1.551994043,0.15519940429999998,0.8994826884008944,1.7254295863760805,1551994043,2662,3,0.0
4047,1,edge_25,False,1.19399553225,0.12317525231791604,0.8994826884008944,1.3274246938233933,1551994043,2662,3,0.0
4047,2,edge_50,True,0.8059970215000001,0.09078620033880896,0.8994826884008944,0.8960672972293734,1551994043,2662,3,0.0
4047,3,edge_75,True,0.6529616980826294,0.05928181705381466,0.8994826884008944,0.7259302558045542,1551994043,2662,3,0.0
4047,4,edge_100,True,0.8394852966103921,0.02649413755519604,0.8994826884008944,0.9332978915945942,1551994043,2662,3,0.0
4047,5,cloud,True,0.7151084946248613,0.027354843012430644,0.8994826884008944,0.795021965232244,1551994043,2662,3,0.0
4048,0,local,False,1.460418476,0.1460418476,0.8281425124732777,1.7634869047338328,1460418476,2271,3,0.0
4048,1,edge_25,False,1.125313857,0.11642726488659806,0.8281425124732777,1.3588408275759316,1460418476,2271,3,0.0
4048,2,edge_50,True,0.7602092380000001,0.08632244969164163,0.8281425124732777,0.9179691013924736,1460418476,2271,3,0.0
4048,3,edge_75,True,0.6189298534435971,0.057146924371798496,0.8281425124732777,0.7473711880762413,1460418476,2271,3,0.0
4048,4,edge_100,True,0.795308682263876,0.027299722131937987,0.8281425124732777,0.9603524396889825,1460418476,2271,3,0.0
4048,5,cloud,True,0.6964546325257817,0.027185468662890858,0.8281425124732777,0.8409840360034103,1460418476,2271,3,0.0
4049,0,local,False,1.075315312,0.10753153119999999,0.7339615966193378,1.4650838912457462,1075315312,1031,0,0.0
4049,1,edge_25,False,0.833378388,0.08360755289995056,0.7339615966193378,1.1354523068217475,1075315312,1031,0,0.0
4049,2,edge_50,True,0.56454956,0.05969847267348873,0.7339615966193378,0.769181334010311,1075315312,1031,0,0.0
4049,3,edge_75,True,0.4486036412010359,0.03611713040051793,0.7339615966193378,0.6112086017406438,1075315312,1031,0,0.0
4049,4,edge_100,True,0.5713038411132474,0.012117009356623673,0.7339615966193378,0.7783838333568135,1075315312,1031,0,0.0
4049,5,cloud,True,0.5898734489862669,0.012405193293133434,0.7339615966193378,0.8036843503846144,1075315312,1031,0,0.0
4600,0,local,False,1.605112827,0.16051128269999998,0.6703594995196909,2.3944060286309883,1605112827,2271,3,0.0
4600,1,edge_25,False,1.2338346202500001,0.12760065853774644,0.6703594995196909,1.8405566283972052,1605112827,2271,3,0.0
4600,2,edge_50,False,0.8325564135,0.0953727138033054,0.6703594995196909,1.241955121239458,1605112827,2271,3,0.0
4600,3,edge_75,False,0.6767485583025916,0.06254344476379577,0.6703594995196909,1.0095307947265288,1605112827,2271,3,0.0
4600,4,edge_100,False,0.873114678054192,0.030029132277096023,0.6703594995196909,1.3024573809721114,1605112827,2271,3,0.0
4600,5,cloud,False,0.7292311355513577,0.029104285075678856,0.6703594995196909,1.0878209916825943,1605112827,2271,3,0.0
4601,0,local,False,1.177422126,0.11774221259999999,0.5791262371931225,2.033100989702462,1177422126,2271,3,0.0
4601,1,edge_25,False,0.9270233953015269,0.09245832288212938,0.5791262371931225,1.600727675186283,1177422126,2271,3,0.0
4601,2,edge_50,False,0.6326678638015268,0.06716576991631594,0.5791262371931225,1.0924524277606675,1177422126,2271,3,0.0
4601,3,edge_75,True,0.5106477721588889,0.042014390203681015,0.5791262371931225,0.8817555471737366,1177422126,2271,3,0.0
4601,4,edge_100,False,0.6378789024455297,0.016891479582497648,0.5791262371931225,1.1014505326803468,1177422126,2271,3,0.0
4601,5,cloud,False,0.6186174563526363,0.01656651557631815,0.5791262371931225,1.0681910378485315,1177422126,2271,3,0.0
4602,0,local,False,1.536064275,0.15360642749999998,0.7087139028590173,2.167396842087301,1536064275,1755,3,0.0
4602,1,edge_25,False,1.18204820625,0.12078576167310814,0.7087139028590173,1.6678778298005845,1536064275,1755,3,0.0
4602,2,edge_50,False,0.7980321375,0.0880885049491826,0.7087139028590173,1.1260286192787594,1536064275,1755,3,0.0
4602,3,edge_75,True,0.6397890906060835,0.05528410061554176,0.7087139028590173,0.9027466344671881,1536064275,1755,3,0.0
4602,4,edge_100,False,0.8240470254845516,0.022757443992275816,0.7087139028590173,1.1627357981271003,1536064275,1755,3,0.0
4602,5,cloud,True,0.7011117922215442,0.021949468610772137,0.7087139028590173,0.9892733716570178,1536064275,1755,3,0.0
4603,0,local,False,1.512913063,0.15129130629999998,0.6111311025451869,2.4755949365024104,1512913063,1755,3,0.0
4603,1,edge_25,False,1.16468479725,0.11831909042979613,0.6111311025451869,1.9057855055967856,1512913063,1755,3,0.0
4603,2,edge_50,False,0.7864565315000001,0.08557414219487489,0.6111311025451869,1.2868867714711831,1512913063,1755,3,0.0
4603,3,edge_75,False,0.6274477610704524,0.05287550779772617,0.6111311025451869,1.0266991132627865,1512913063,1755,3,0.0
4603,4,edge_100,False,0.80667388175706,0.019858675128530033,0.6111311025451869,1.3199686260402934,1512913063,1755,3,0.0
4603,5,cloud,False,0.6924228039007556,0.019920095650377844,0.6111311025451869,1.1330184325703796,1512913063,1755,3,0.0
4604,0,local,False,3.321262714,0.33212627139999995,1.3456285999855027,2.4681867745942543,3321262714,2662,3,0.0
4604,1,edge_25,False,2.5209470355,0.25803305123625253,1.3456285999855027,1.8734344941294794,3321262714,2662,3,0.0
4604,2,edge_50,False,1.690631357,0.18359765897093358,1.3456285999855027,1.256387800480916,3321262714,2662,3,0.0
4604,3,edge_75,True,1.3301228253252886,0.11035622163764428,1.3456285999855027,0.9884769284330155,3321262714,2662,3,0.0
4604,4,edge_100,False,1.7438075958497887,0.03633811942489442,1.3456285999855027,1.295905568496817,3321262714,2662,3,0.0
4604,5,cloud,True,1.082965643475309,0.03435655033765451,1.3456285999855027,0.8048027839828735,3321262714,2662,3,0.0
4605,0,local,False,1.500928218,0.1500928218,0.6859025660669431,2.1882528106091264,1500928218,2271,3,0.0
4605,1,edge_25,False,1.1556961635,0.12218480076054944,0.6859025660669431,1.6849275985755763,1500928218,2271,3,0.0
4605,2,edge_50,False,0.7804641090000001,0.09381031427524342,0.6859025660669431,1.1378643959232948,1500928218,2271,3,0.0
4605,3,edge_75,True,0.6482534409862273,0.06522588506811361,0.6859025660669431,0.9451100973472064,1500928218,2271,3,0.0
4605,4,edge_100,False,0.8337163239590469,0.03637610747952346,0.6859025660669431,1.2155025585334776,1500928218,2271,3,0.0
4605,5,cloud,False,0.7226451633103436,0.036229759855171795,0.6859025660669431,1.0535682457846562,1500928218,2271,3,0.0
4606,0,local,False,0.650994992,0.0650994992,0.4023399972356856,1.6180220621184116,650994992,1031,3,0.0
4606,1,edge_25,False,0.515138148,0.05118606584238246,0.4023399972356856,1.280355300341265,650994992,1031,3,0.0
4606,2,edge_50,True,0.3523894,0.03735538362220618,0.4023399972356856,0.8758497848116623,650994992,1031,3,0.0
4606,3,edge_75,True,0.2855619707134018,0.023548347156700872,0.4023399972356856,0.7097528773559226,650994992,1031,3,0.0
4606,4,edge_100,True,0.3536007744388404,0.009345556019420225,0.4023399972356856,0.8788606076161641,650994992,1031,3,0.0
4606,5,cloud,False,0.499069358682549,0.00943518014127452,0.4023399972356856,1.2404169660273685,650994992,1031,3,0.0
4607,0,local,True,0.084171271,0.0084171271,0.12078494054730982,0.6968689194083038,84171271,106,0,0.0
4607,1,edge_25,True,0.07486515725,0.006644276688244865,0.12078494054730982,0.6198219489181793,84171271,106,0,0.0
4607,2,edge_50,True,0.053822339500000003,0.004857855257412843,0.12078494054730982,0.4456047190661035,84171271,106,0,0.0
4607,3,edge_75,True,0.04536647321674371,0.003137053070871856,0.12078494054730982,0.37559709853873946,84171271,106,0,0.0
4607,4,edge_100,True,0.048948234556816975,0.0013773763284084888,0.12078494054730982,0.40525113755919445,84171271,106,0,0.0
4607,5,cloud,False,0.36957487559492136,0.0013703106974606958,0.12078494054730982,3.059776110500828,84171271,106,0,0.0
4608,0,local,False,1.152399131,0.1152399131,0.6496139832306653,1.77397525414844,1152399131,2271,3,0.0
4608,1,edge_25,False,0.89429934825,0.09395718864839751,0.6496139832306653,1.3766627125273128,1152399131,2271,3,0.0
4608,2,edge_50,True,0.6061995655,0.07215599800246232,0.6496139832306653,0.9331688989902027,1152399131,2271,3,0.0
4608,3,edge_75,True,0.5058192674311686,0.05064477492808428,0.6496139832306653,0.7786459043193994,1152399131,2271,3,0.0
4608,4,edge_100,True,0.6474106335550114,0.03035553402750572,0.6496139832306653,0.9966082169834211,1152399131,2271,3,0.0
4608,5,cloud,True,0.6383643699504604,0.02894227187523021,0.6496139832306653,0.9826826183385735,1152399131,2271,3,0.0
4609,0,local,False,1.233466445,0.12334664449999999,0.6389162025880069,1.9305605962154284,1233466445,2271,3,0.0
4609,1,edge_25,False,0.9550998337500001,0.12539634034000918,0.6389162025880069,1.4948749615070855,1233466445,2271,3,0.0
4609,2,edge_50,False,0.6467332225,0.11528173994243823,0.6389162025880069,1.0122348124532283,1233466445,2271,3,0.0
4609,3,edge_75,False,0.6508348022135695,0.10997910379428469,0.6389162025880069,1.0186544019032306,1233466445,2271,3,0.0
4609,4,edge_100,False,0.8427125272848017,0.10773965239240088,0.6389162025880069,1.3189719150512906,1233466445,2271,3,0.0
4609,5,cloud,False,0.8203609591800487,0.11183383509002436,0.6389162025880069,1.2839883475439784,1233466445,2271,3,0.0
4610,0,local,True,0.04,0.003999999999999999,0.11999999999534339,0.33333333334626836,40000000,49,0,0.0
4610,1,edge_25,True,0.06024187453612402,0.0030831787317414563,0.11999999999534339,0.5020156211538476,40000000,49,0,0.0
4610,2,edge_50,True,0.050241874536124026,0.0021665387744435344,0.11999999999534339,0.41868228781728056,40000000,49,0,0.0
4610,3,edge_75,True,0.04574316784487684,0.0012506466543764096,0.11999999999534339,0.3811930653887659,40000000,49,0,0.0
4610,4,edge_100,True,0.03124308467653922,0.0003292142944479059,0.11999999999534339,0.26035903898126345,40000000,49,0,0.0
4610,5,cloud,False,0.35865331493811226,0.0003266574690561454,0.11999999999534339,2.9887776246002487,40000000,49,0,0.0
4611,0,local,False,1.498540534,0.1498540534,0.706850478774868,2.120024784587131,1498540534,2271,3,0.0
4611,1,edge_25,False,1.1598122301486145,0.11685456341124086,0.706850478774868,1.6408169265992885,1498540534,2271,3,0.0
4611,2,edge_50,False,0.7851770966486145,0.08395211094904004,0.706850478774868,1.1108107304525057,1498540534,2271,3,0.0
4611,3,edge_75,True,0.6254630017420393,0.05126524927171241,0.706850478774868,0.8848589914321179,1498540534,2271,3,0.0
4611,4,edge_100,False,0.797496441879979,0.017829392251482,0.706850478774868,1.1282392328038329,1498540534,2271,3,0.0
4611,5,cloud,True,0.6858406535697282,0.01806627338486413,0.706850478774868,0.9702768466089823,1498540534,2271,3,0.0
4612,0,local,False,0.922541729,0.09225417289999999,0.5302737655583769,1.739746125340683,922541729,1755,3,0.0
4612,1,edge_25,False,0.7219062967500001,0.07301267614206385,0.5302737655583769,1.3613841446405228,922541729,1755,3,0.0
4612,2,edge_50,True,0.4912708645,0.054023429039239804,0.5302737655583769,0.926447613305352,922541729,1755,3,0.0
4612,3,edge_75,True,0.39950924517193387,0.03484159162346693,0.5302737655583769,0.7534018673378112,922541729,1755,3,0.0
4612,4,edge_100,True,0.503278820868745,0.01575397818437252,0.5302737655583769,0.9490924378255705,922541729,1755,3,0.0
4612,5,cloud,False,0.5660516947969878,0.01577167449849392,0.5302737655583769,1.067470675644187,922541729,1755,3,0.0
4613,0,local,False,0.925922461,0.0925922461,0.5073537612333894,1.825003639963287,925922461,1755,3,0.0
4613,1,edge_25,False,0.72444184575,0.0740277669807245,0.5073537612333894,1.4278830691801008,925922461,1755,3,0.0
4613,2,edge_50,True,0.49296123049999996,0.05563901932924345,0.5073537612333894,0.9716321591892788,925922461,1755,3,0.0
4613,3,edge_75,True,0.4052545851083845,0.037164892641692246,0.5073537612333894,0.7987613694302783,925922461,1755,3,0.0
4613,4,edge_100,False,0.5093397360313463,0.01793925276567317,0.5073537612333894,1.0039143787820337,925922461,1755,3,0.0
4613,5,cloud,False,0.5721679160497215,0.0184917119248608,0.5073537612333894,1.1277494319915307,925922461,1755,3,0.0
4614,0,local,False,1.42587344,0.14258734399999998,0.6391730842879042,2.2308095804574593,1425873440,1755,3,0.0
4614,1,edge_25,False,1.09940508,0.11110619362150902,0.6391730842879042,1.7200428288134741,1425873440,1755,3,0.0
4614,2,edge_50,False,0.74293672,0.0796630902725826,0.6391730842879042,1.1623404336991094,1425873440,1755,3,0.0
4614,3,edge_75,True,0.5898034511919115,0.04819729159595576,0.6391730842879042,0.9227601500914343,1425873440,1755,3,0.0
4614,4,edge_100,False,0.7568187616875945,0.01669102084379731,0.6391730842879042,1.184059185675439,1425873440,1755,3,0.0
4614,5,cloud,False,0.6685481473317273,0.01668672966586364,0.6391730842879042,1.0459579161981603,1425873440,1755,3,0.0
4615,0,local,False,1.214231576,0.12142315759999998,0.6121502623427659,1.9835515080121064,1214231576,2271,3,0.0
4615,1,edge_25,False,0.940673682,0.10308474299844068,0.6121502623427659,1.5366712061838201,1214231576,2271,3,0.0
4615,2,edge_50,False,0.637115788,0.08384477767326445,0.6121502623427659,1.0407833291807935,1214231576,2271,3,0.0
4615,3,edge_75,True,0.5585598179524519,0.06696727787622593,0.6121502623427659,0.9124554089297985,1214231576,2271,3,0.0
4615,4,edge_100,False,0.7077711886083925,0.04507770030419628,0.6121502623427659,1.1562049910746992,1214231576,2271,3,0.0
4615,5,cloud,False,0.6912557113135052,0.04920469805675257,0.6121502623427659,1.1292255412388357,1214231576,2271,3,0.0
4616,0,local,False,1.503447681,0.1503447681,0.8028040316421539,1.8727455540110625,1503447681,2662,3,0.0
4616,1,edge_25,False,1.15758576075,0.1194430831871978,0.8028040316421539,1.4419281856147783,1503447681,2662,3,0.0
4616,2,edge_50,True,0.7817238405,0.08893530446149099,0.8028040316421539,0.9737417971120127,1503447681,2662,3,0.0
4616,3,edge_75,True,0.6356861292722911,0.058532816473645506,0.8028040316421539,0.7918322582062532,1503447681,2662,3,0.0
4616,4,edge_100,False,0.8179729323243397,0.027874545912169868,0.8028040316421539,1.018894898486194,1503447681,2662,3,0.0
4616,5,cloud,True,0.7050163896263841,0.027163426713192107,0.8028040316421539,0.8781923879782431,1503447681,2662,3,0.0
4617,0,local,False,0.66756407,0.06675640699999999,0.31543353002052754,2.1163383295255795,667564070,646,3,0.0
4617,1,edge_25,False,0.5212571165000001,0.051934234640753064,0.31543353002052754,1.652510170577231,667564070,646,3,0.0
4617,2,edge_50,False,0.354366099,0.0371464867170717,0.31543353002052754,1.1234255881958357,667564070,646,3,0.0
4617,3,edge_75,True,0.2822740406572051,0.02236582695360254,0.31543353002052754,0.8948764598323948,667564070,646,3,0.0
4617,4,edge_100,False,0.3564497426388318,0.00773164261941589,0.31543353002052754,1.1300312386436375,667564070,646,3,0.0
4617,5,cloud,False,0.49901716237627747,0.007752174188138746,0.31543353002052754,1.5820041780079714,667564070,646,3,0.0
4618,0,local,False,0.87157557,0.087157557,0.4898027427261695,1.7794419956673566,871575570,1755,3,0.0
4618,1,edge_25,False,0.6836816775,0.07420372300869452,0.4898027427261695,1.3958306433621197,871575570,1755,3,0.0
4618,2,edge_50,True,0.46578778499999995,0.0612952416600922,0.4898027427261695,0.9509701444452804,871575570,1755,3,0.0
4618,3,edge_75,True,0.4089757846168107,0.04785686218340536,0.4898027427261695,0.8349805930863353,871575570,1755,3,0.0
4618,4,edge_100,False,0.5155817655679463,0.03464699028397321,0.4898027427261695,1.0526314383179942,871575570,1755,3,0.0
4618,5,cloud,False,0.595076577819311,0.03538073190965555,0.4898027427261695,1.2149310853328483,871575570,1755,3,0.0
4619,0,local,False,1.385211666,0.1385211666,0.5411397580755875,2.5598039052353476,1385211666,1755,3,0.0
4619,1,edge_25,False,1.0689087495,0.10865425236565773,0.5411397580755875,1.975291472393889,1385211666,1755,3,0.0
4619,2,edge_50,False,0.722605833,0.07849534753541917,0.5411397580755875,1.3353404960850521,1385211666,1755,3,0.0
4619,3,edge_75,False,0.5780678407695367,0.04893702465976832,0.5411397580755875,1.068241303919848,1385211666,1755,3,0.0
4619,4,edge_100,False,0.7401494104482722,0.018521788724136103,0.5411397580755875,1.3677601754496973,1385211666,1755,3,0.0
4619,5,cloud,False,0.6633019011383245,0.018129783969162285,0.5411397580755875,1.2257497092750542,1385211666,1755,3,0.0
4620,0,local,False,1.530550802,0.1530550802,0.9051297296537086,1.690973958601017,1530550802,2662,3,0.0
4620,1,edge_25,False,1.1918699023015267,0.1196537109789612,0.9051297296537086,1.316794558010509,1530550802,2662,3,0.0
4620,2,edge_50,True,0.8092322018015269,0.08639149904367413,0.9051297296537086,0.8940510683602549,1530550802,2662,3,0.0
4620,3,edge_75,True,0.6466928888760425,0.052653538712257815,0.9051297296537086,0.7144753593757871,1530550802,2662,3,0.0
4620,4,edge_100,True,0.8191118880894284,0.01922580340444698,0.9051297296537086,0.9049662841179799,1530550802,2662,3,0.0
4620,5,cloud,True,0.6953486480095581,0.019619243804779068,0.9051297296537086,0.7682309234009912,1530550802,2662,3,0.0
4621,0,local,False,1.457740604,0.1457740604,0.7964371554553509,1.830327219184744,1457740604,2271,3,0.0
4621,1,edge_25,False,1.1372622538015267,0.1135207194135234,0.7964371554553509,1.4279372151482739,1457740604,2271,3,0.0
4621,2,edge_50,True,0.7728271028015269,0.08112759862579311,0.7964371554553509,0.9703554103520883,1457740604,2271,3,0.0
4621,3,edge_75,True,0.615541127296997,0.04890931509773508,0.7964371554553509,0.7728684216710993,1457740604,2271,3,0.0
4621,4,edge_100,True,0.7775173861791237,0.016631101949294624,0.7964371554553509,0.976244491926786,1457740604,2271,3,0.0
4621,5,cloud,True,0.6742363146478321,0.016344096923916043,0.7964371554553509,0.8465656204378708,1457740604,2271,3,0.0
4622,0,local,True,0.04,0.003999999999999999,0.11999999999534339,0.33333333334626836,40000000,106,0,0.0
4622,1,edge_25,True,0.041736704,0.0033102908018809558,0.11999999999534339,0.34780586668016333,40000000,106,0,0.0
4622,2,edge_50,True,0.031736704000000004,0.0026464248820667136,0.11999999999534339,0.26447253334359627,40000000,106,0,0.0
4622,3,edge_75,True,0.02863705892637414,0.0019501774631870707,0.11999999999534339,0.23864215772904504,40000000,106,0,0.0
4622,4,edge_100,True,0.026697675816839163,0.0012949147084195813,0.11999999999534339,0.2224806318156264,40000000,106,0,0.0
4622,5,cloud,False,0.36047467296807634,0.0012373364840381866,0.11999999999534339,3.0039556081838716,40000000,106,0,0.0
4623,0,local,False,1.443454144,0.14434541439999998,0.7087161435047165,2.0367168960789925,1443454144,1755,3,0.0
4623,1,edge_25,False,1.112590608,0.1322929040798598,0.7087161435047165,1.569867736465066,1443454144,1755,3,0.0
4623,2,edge_50,False,0.751727072,0.1173323950830872,0.7087161435047165,1.0606885124453176,1443454144,1755,3,0.0
4623,3,edge_75,False,0.7233246761081762,0.11210103965408803,0.7087161435047165,1.0206126708659664,1443454144,1755,3,0.0
4623,4,edge_100,False,0.9231366402220229,0.0954547841110115,0.7087161435047165,1.3025477811990598,1443454144,1755,3,0.0
4623,5,cloud,False,0.8022859765752004,0.08179757388760017,0.7087161435047165,1.1320272353438514,1443454144,1755,3,0.0
4624,0,local,False,1.390972179,0.1390972179,0.6490337501745671,2.143143062476917,1390972179,1755,3,0.0
4624,1,edge_25,False,1.07322913425,0.10996847824615047,0.6490337501745671,1.6535798546090081,1390972179,1755,3,0.0
4624,2,edge_50,False,0.7254860895,0.08067923582891959,0.6490337501745671,1.117794088989779,1390972179,1755,3,0.0
4624,3,edge_75,True,0.5859853218792114,0.05195968185210566,0.6490337501745671,0.9028580127329312,1390972179,1755,3,0.0
4624,4,edge_100,False,0.7523911712145931,0.023202540857296547,0.6490337501745671,1.1592481454350048,1390972179,1755,3,0.0
4624,5,cloud,False,0.6748401497363818,0.023322856968190905,0.6490337501745671,1.039761259803321,1390972179,1755,3,0.0
4625,0,local,True,0.04,0.003999999999999999,0.11999999999534339,0.33333333334626836,40000000,49,0,0.0
4625,1,edge_25,True,0.05734038611317555,0.0030875947343149313,0.11999999999534339,0.4778365509616721,40000000,49,0,0.0
4625,2,edge_50,True,0.04734038611317555,0.0021737899148987234,0.11999999999534339,0.394503217625105,40000000,49,0,0.0
4625,3,edge_75,True,0.04285372008872293,0.001256666987773688,0.11999999999534339,0.35711433408654897,40000000,49,0,0.0
4625,4,edge_100,True,0.03026164460921024,0.0003462547347993975,0.11999999999534339,0.25218037175320457,40000000,49,0,0.0
4625,5,cloud,False,0.3586914428053801,0.0003457214026900615,0.11999999999534339,2.989095356827493,40000000,49,0,0.0
4626,0,local,True,0.04,0.003999999999999999,0.11999999999534339,0.33333333334626836,40000000,106,0,0.0
4626,1,edge_25,True,0.041736704,0.003266017598506696,0.11999999999534339,0.34780586668016333,40000000,106,0,0.0
4626,2,edge_50,True,0.031736704000000004,0.0025085033629653895,0.11999999999534339,0.26447253334359627,40000000,106,0,0.0
4626,3,edge_75,True,0.028324606311083852,0.0017939511555419255,0.11999999999534339,0.23603838593485826,40000000,106,0,0.0
4626,4,edge_100,True,0.02623002890138366,0.001061091250691831,0.11999999999534339,0.21858357418667934,40000000,106,0,0.0
4626,5,cloud,False,0.3600496828792407,0.001024841439620358,0.11999999999534339,3.000414024110104,40000000,106,0,0.0
4627,0,local,True,0.091916645,0.009191664499999998,0.15604629588779062,0.5890344559418136,91916645,106,0,0.0
4627,1,edge_25,True,0.08067418775,0.007167684740318182,0.15604629588779062,0.5169888031690992,91916645,106,0,0.0
4627,2,edge_50,True,0.0576950265,0.00513934876038857,0.15604629588779062,0.36973018918364586,91916645,106,0,0.0
4627,3,edge_75,True,0.04785300655027814,0.0031216964626390674,0.15604629588779062,0.3066590352435418,91916645,106,0,0.0
4627,4,edge_100,True,0.052277267310539124,0.0011055492052695634,0.15604629588779062,0.33501126709300766,91916645,106,0,0.0
4627,5,cloud,False,0.37053069603011385,0.0010736835150569398,0.15604629588779062,2.3744920949392747,91916645,106,0,0.0
4628,0,local,False,0.577541985,0.05775419849999999,0.3565178222488612,1.619952633382958,577541985,1031,3,0.0
4628,1,edge_25,False,0.46004839275000003,0.04600457194754229,0.3565178222488612,1.290393814951756,577541985,1031,3,0.0
4628,2,edge_50,True,0.3156628965,0.03425222546244841,0.3565178222488612,0.8854056566060164,577541985,1031,3,0.0
4628,3,edge_75,True,0.2591471440029375,0.022277047438968745,0.3565178222488612,0.7268841214396408,577541985,1031,3,0.0
4628,4,edge_100,True,0.3197729243543899,0.010794882727194973,0.3565178222488612,0.8969339101683895,577541985,1031,3,0.0
4628,5,cloud,False,0.4870545162022876,0.010773059601143843,0.3565178222488612,1.3661435300205202,577541985,1031,3,0.0
4629,0,local,False,1.446117386,0.14461173859999998,0.5731730401748791,2.5230031502507155,1446117386,1755,3,0.0
4629,1,edge_25,False,1.1145880395,0.11233274280779738,0.5731730401748791,1.9445925774176878,1446117386,1755,3,0.0
4629,2,edge_50,False,0.7530586930000001,0.08023492634741658,0.5731730401748791,1.3138417898550088,1446117386,1755,3,0.0
4629,3,edge_75,False,0.5954668988908757,0.04773937422043781,0.5731730401748791,1.0388955117449252,1446117386,1755,3,0.0
4629,4,edge_100,False,0.7652828754418391,0.015862091220919566,0.5731730401748791,1.3351690009850183,1446117386,1755,3,0.0
4629,5,cloud,False,0.6713139528208795,0.016045237810439723,0.5731730401748791,1.171223881388519,1446117386,1755,3,0.0
4630,0,local,False,3.481402867,0.34814028669999997,1.3379791678162292,2.601985853548184,3481402867,2662,3,0.0
4630,1,edge_25,False,2.6410521502499997,0.26853414021046657,1.3379791678162292,1.9739112639254088,3481402867,2662,3,0.0
4630,2,edge_50,False,1.7707014335,0.18937728517392066,1.3379791678162292,1.323414800538363,3481402867,2662,3,0.0
4630,3,edge_75,False,1.3794364431123498,0.10899025566867487,1.3379791678162292,1.0309849931100084,3481402867,2662,3,0.0
4630,4,edge_100,False,1.8124483029461278,0.03062343472306399,1.3379791678162292,1.354616235097516,3481402867,2662,3,0.0
4630,5,cloud,True,1.10772620694022,0.030722816770109983,1.3379791678162292,0.827909905912949,3481402867,2662,3,0.0
4631,0,local,False,1.472434699,0.14724346989999998,0.6181003982201219,2.38219341589168,1472434699,1755,3,0.0
4631,1,edge_25,False,1.13432602425,0.11582040502558788,0.6181003982201219,1.8351808662741493,1472434699,1755,3,0.0
4631,2,edge_50,False,0.7662173495,0.08436590901958615,0.6181003982201219,1.2396325123012293,1472434699,1755,3,0.0
4631,3,edge_75,True,0.6134159744138671,0.05243734861943351,0.6181003982201219,0.9924212574207297,1472434699,1755,3,0.0
4631,4,edge_100,False,0.789703166538419,0.02149290851920953,0.6181003982201219,1.2776292796646684,1472434699,1755,3,0.0
4631,5,cloud,False,0.6868582237812992,0.021185641990649633,0.6181003982201219,1.1112405456446428,1472434699,1755,3,0.0
4632,0,local,False,1.446836491,0.14468364909999998,0.6618332609068602,2.186104229662784,1446836491,1755,3,0.0
4632,1,edge_25,False,1.11512736825,0.1130241828789369,0.6618332609068602,1.6849068097937916,1446836491,1755,3,0.0
4632,2,edge_50,False,0.7534182455,0.08138869949840563,0.6618332609068602,1.1383807523780956,1446836491,1755,3,0.0
4632,3,edge_75,True,0.5994333743129417,0.04960575736897086,0.6618332609068602,0.9057166052542953,1446836491,1755,3,0.0
4632,4,edge_100,False,0.7695118564449097,0.017796805472454907,0.6618332609068602,1.1626974676227448,1446836491,1755,3,0.0
4632,5,cloud,False,0.6758320460045542,0.018232373902277058,0.6618332609068602,1.0211515285262522,1446836491,1755,3,0.0
4633,0,local,False,1.437300897,0.14373008969999998,0.6463189945789054,2.2238258647131994,1437300897,1755,3,0.0
4633,1,edge_25,False,1.10797567275,0.11176006052213626,0.6463189945789054,1.714286106463383,1437300897,1755,3,0.0
4633,2,edge_50,False,0.7486504485000001,0.0798227645031436,0.6463189945789054,1.1583296402850831,1437300897,1755,3,0.0
4633,3,edge_75,True,0.5932569138496331,0.0480670611623165,0.6463189945789054,0.9179010965570589,1437300897,1755,3,0.0
4633,4,edge_100,False,0.7607790544369498,0.015814302968474903,0.6463189945789054,1.1770953055969187,1437300897,1755,3,0.0
4633,5,cloud,False,0.6704491288392216,0.016494474719610786,0.6463189945789054,1.037334713141206,1437300897,1755,3,0.0
4634,0,local,False,1.507108389,0.15071083889999998,0.8055806843331084,1.8708348130859718,1507108389,2271,3,0.0
4634,1,edge_25,False,1.16033129175,0.11829661320801478,0.8055806843331084,1.440366327440644,1507108389,2271,3,0.0
4634,2,edge_50,True,0.7835541945000001,0.0860709007980431,0.8055806843331084,0.9726576241691511,1507108389,2271,3,0.0
4634,3,edge_75,True,0.6273011593230668,0.053745466449033434,0.8055806843331084,0.7786943896778901,1507108389,2271,3,0.0
4634,4,edge_100,False,0.8069880749911704,0.02146694024558519,0.8055806843331084,1.0017470511463755,1507108389,2271,3,0.0
4634,5,cloud,True,0.692863692513634,0.020721007356816968,0.8055806843331084,0.8600798231492033,1507108389,2271,3,0.0
4635,0,local,True,0.082887593,0.008288759299999999,0.11999999999534339,0.6907299416934705,82887593,106,0,0.0
4635,1,edge_25,True,0.07390239875,0.006551165698300336,0.11999999999534339,0.6158533229405649,82887593,106,0,0.0
4635,2,edge_50,True,0.0531805005,0.004797427862369028,0.11999999999534339,0.44317083751719727,82887593,106,0,0.0
4635,3,edge_75,True,0.04477476289064117,0.0030497955828205844,0.11999999999534339,0.37312302410315545,82887593,106,0,0.0
4635,4,edge_100,True,0.04819101562583837,0.0013196863629191874,0.11999999999534339,0.40159179689757024,82887593,106,0,0.0
4635,5,cloud,False,0.36924813053031996,0.0013353059651599764,0.11999999999534339,3.077067754538739,82887593,106,0,0.0
4636,0,local,True,0.040369285,0.004036928499999999,0.11999999999534339,0.33641070834638775,40369285,106,0,0.0
4636,1,edge_25,True,0.04201366775,0.0033584041807415833,0.11999999999534339,0.3501138979302528,40369285,106,0,0.0
4636,2,edge_50,True,0.0319213465,0.002686539749540486,0.11999999999534339,0.26601122084365597,40369285,106,0,0.0
4636,3,edge_75,True,0.028885470527674435,0.002014374451337218,0.11999999999534339,0.24071225440662783,40369285,106,0,0.0
4636,4,edge_100,True,0.026966761899699165,0.0013371364998495837,0.11999999999534339,0.22472301583954676,40369285,106,0,0.0
4636,5,cloud,False,0.3607322966639457,0.0013292198319728359,0.11999999999534339,3.0061024723161993,40369285,106,0,0.0
4637,0,local,False,5.254158091,0.5254158091,4.5321630819235,1.1593047284543163,5254158091,3597,0,0.0
4637,1,edge_25,True,3.9843983337614,0.4007625920748653,4.5321630819235,0.8791383411716018,5254158091,3597,0,0.0
4637,2,edge_50,True,2.6708588110113998,0.27566734629822953,4.5321630819235,0.5893121590580227,5254158091,3597,0,0.0
4637,3,edge_75,True,2.0535708827866888,0.15109486885014442,4.5321630819235,0.45311054471480555,5254158091,3597,0,0.0
4637,4,edge_100,True,2.695974350022883,0.026786193296946682,4.5321630819235,0.5948537820220454,5254158091,3597,0,0.0
4637,5,cloud,True,1.4527217199577152,0.025945050878857588,4.5321630819235,0.3205360649425625,5254158091,3597,0,0.0
4638,0,local,False,5.634627861,0.5634627861,3.98515462805517,1.413904449612236,5634627861,3878,0,0.0
4638,1,edge_25,False,4.268958807224422,0.4296984876222605,3.98515462805517,1.0712153493797438,5634627861,3878,0,0.0
4638,2,edge_50,True,2.8603018419744224,0.29626909622390396,3.98515462805517,0.717739236976685,5634627861,3878,0,0.0
4638,3,edge_75,True,2.1983836304248543,0.16207083206271605,3.98515462805517,0.5516432448940398,5634627861,3878,0,0.0
4638,4,edge_100,True,2.890460163067789,0.02905023177587056,3.98515462805517,0.7253069034559363,5634627861,3878,0,0.0
4638,5,cloud,True,1.535064938496621,0.029069683148310554,3.98515462805517,0.38519582846042827,5634627861,3878,0,0.0
4639,0,local,False,1.273914445,0.12739144449999998,0.6453833621926606,1.973887955016277,1273914445,2271,3,0.0
4639,1,edge_25,False,0.98543583375,0.10148662571474258,0.6453833621926606,1.5268999659396651,1273914445,2271,3,0.0
4639,2,edge_50,False,0.6669572225,0.07555094297473798,0.6453833621926606,1.0334279771855959,1273914445,2271,3,0.0
4639,3,edge_75,True,0.5426538379700396,0.04931582167251983,0.6453833621926606,0.8408240276390112,1273914445,2271,3,0.0
4639,4,edge_100,False,0.6948353984463238,0.02368908797316193,0.6453833621926606,1.0766242812421631,1273914445,2271,3,0.0
4639,5,cloud,False,0.651448822266723,0.023332966633361506,0.6453833621926606,1.0093982281375449,1273914445,2271,3,0.0
4640,0,local,False,3.258486325,0.32584863249999996,1.0050841983174905,3.242003337088277,3258486325,2662,3,0.0
4640,1,edge_25,False,2.4911498608159794,0.2490595705588433,1.0050841983174905,2.478548429063118,3258486325,2662,3,0.0
4640,2,edge_50,False,1.6765282795659795,0.172169220608324,1.0050841983174905,1.6680475947910487,3258486325,2662,3,0.0
4640,3,edge_75,False,1.297463438481457,0.09558513289523865,1.0050841983174905,1.2909002456246041,3258486325,2662,3,0.0
4640,4,edge_100,False,1.6823931352290837,0.018300090877995393,1.0050841983174905,1.6738827831990668,3258486325,2662,3,0.0
4640,5,cloud,False,1.0388143309730964,0.01855853298654813,1.0050841983174905,1.0335595094541035,3258486325,2662,3,0.0
4641,0,local,True,0.094117192,0.0094117192,0.11999999999534339,0.7843099333637685,94117192,106,0,0.0
4641,1,edge_25,True,0.082324598,0.007321678699947563,0.11999999999534339,0.6860383166932884,94117192,106,0,0.0
4641,2,edge_50,True,0.0587953,0.005223194302121929,0.11999999999534339,0.4899608333523463,94117192,106,0,0.0
4641,3,edge_75,True,0.04860835889271084,0.00314178374635542,0.11999999999534339,0.40506965745497575,94117192,106,0,0.0
4641,4,edge_100,True,0.05326948319138963,0.001051520395694818,0.11999999999534339,0.443912359945473,94117192,106,0,0.0
4641,5,cloud,False,0.370869623448426,0.0010230925242130187,0.11999999999534339,3.09058019552348,94117192,106,0,0.0
4642,0,local,False,5.163480347,0.5163480346999999,3.928519283537753,1.314357897805742,5163480347,3878,0,0.0
4642,1,edge_25,True,3.9198953773159797,0.3941217527105853,3.928519283537753,0.9978047947332443,5163480347,3878,0,0.0
4642,2,edge_50,True,2.6290252905659797,0.27171680186509756,3.928519283537753,0.6692153202818089,5163480347,3878,0,0.0
4642,3,edge_75,True,2.024502885636785,0.1495433278979025,3.928519283537753,0.5153348474373931,5163480347,3878,0,0.0
4642,4,edge_100,True,2.6530698929884977,0.027389964257702376,3.928519283537753,0.6753358457742701,5163480347,3878,0,0.0
4642,5,cloud,True,1.4369431095243619,0.02712352006218089,3.928519283537753,0.365772191967033,5163480347,3878,0,0.0
4643,0,local,False,1.624038417,0.1624038417,0.6592149484204128,2.46359464525412,1624038417,1755,3,0.0
4643,1,edge_25,False,1.24802881275,0.1276519096513101,0.6592149484204128,1.893204660696002,1624038417,1755,3,0.0
4643,2,edge_50,False,0.8420192085,0.09273968913731544,0.6592149484204128,1.2773059993824718,1624038417,1755,3,0.0
4643,3,edge_75,False,0.6743122988186475,0.058249906646823696,0.6592149484204128,1.0229020146378816,1624038417,1755,3,0.0
4643,4,edge_100,False,0.8680917606804603,0.022786276090230234,0.6592149484204128,1.316856911028111,1624038417,1755,3,0.0
4643,5,cloud,False,0.7204853024699498,0.022838809534974882,0.6592149484204128,1.0929444245710003,1624038417,1755,3,0.0
4644,0,local,False,1.482857008,0.14828570079999998,0.6955191583838314,2.132014611136946,1482857008,1755,3,0.0
4644,1,edge_25,False,1.142142756,0.11702532771601967,0.6955191583838314,1.6421442058533395,1482857008,1755,3,0.0
4644,2,edge_50,False,0.7714285040000001,0.08545355275777516,0.6955191583838314,1.1091405530691034,1482857008,1755,3,0.0
4644,3,edge_75,True,0.621154473798794,0.05461297309939699,0.6955191583838314,0.8930803218162421,1482857008,1755,3,0.0
4644,4,edge_100,False,0.7985761038030139,0.02332379990150697,0.6955191583838314,1.148172691114152,1482857008,1755,3,0.0
4644,5,cloud,True,0.691887765185521,0.0226581817927605,0.6955191583838314,0.9947788739468391,1482857008,1755,3,0.0
4645,0,local,False,1.477042093,0.1477042093,0.7481547694187611,1.9742467112085762,1477042093,2271,3,0.0
4645,1,edge_25,False,1.13778156975,0.11732160417607938,0.7481547694187611,1.5207836884257766,1477042093,2271,3,0.0
4645,2,edge_50,False,0.7685210465,0.08630484209054116,0.7481547694187611,1.0272220106236325,1477042093,2271,3,0.0
4645,3,edge_75,True,0.6216749650344207,0.05581814240471035,0.7481547694187611,0.830944331902606,1477042093,2271,3,0.0
4645,4,edge_100,False,0.8007942743020362,0.025886613901018124,0.7481547694187611,1.0703591115567845,1477042093,2271,3,0.0
4645,5,cloud,True,0.6964223576538368,0.02550696952691838,0.7481547694187611,0.9308533289106543,1477042093,2271,3,0.0
4646,0,local,True,0.04,0.003999999999999999,0.11999999999534339,0.33333333334626836,40000000,33,0,0.0
4646,1,edge_25,True,0.05998188606338693,0.003055383540839688,0.11999999999534339,0.49984905054762113,40000000,33,0,0.0
4646,2,edge_50,True,0.04998188606338693,0.0021106073405562434,0.11999999999534339,0.416515717211054,40000000,33,0,0.0
4646,3,edge_75,True,0.045310731028454045,0.0011644224825335565,0.11999999999534339,0.3775894252517694,40000000,33,0,0.0
4646,4,edge_100,True,0.030938860757147392,0.00022260031748098287,0.11999999999534339,0.2578238396528998,40000000,33,0,0.0
4646,5,cloud,False,0.35845053118398695,0.0002252655919934888,0.11999999999534339,2.9870877599824723,40000000,33,0,0.0
4647,0,local,False,5.000939951,0.5000939951,4.383872094680555,1.1407586359712008,5000939951,3597,0,0.0
4647,1,edge_25,True,3.78070496325,0.3888763359537745,4.383872094680555,0.862412242327406,5000939951,3597,0,0.0
4647,2,edge_50,True,2.5304699755,0.2780797214069515,4.383872094680555,0.5772225833346059,5000939951,3597,0,0.0
4647,3,edge_75,True,1.9897111446821762,0.16720283030358807,4.383872094680555,0.4538707110311262,5000939951,3597,0,0.0
4647,4,edge_100,True,2.622542305892275,0.055786165196137626,4.383872094680555,0.5982250962737943,5000939951,3597,0,0.0
4647,5,cloud,True,1.4613436672878273,0.05557783854391372,4.383872094680555,0.33334541604465145,5000939951,3597,0,0.0
4648,0,local,False,5.245910818,0.5245910817999999,3.5390403425553814,1.4822975468576218,5245910818,3878,0,0.0
4648,1,edge_25,False,3.9744687158735026,0.4009101903303927,3.5390403425553814,1.123035719057025,5245910818,3878,0,0.0
4648,2,edge_50,True,2.6629910113735025,0.2773011674618958,3.5390403425553814,0.7524613323426194,5245910818,3878,0,0.0
4648,3,edge_75,True,2.051903921608875,0.15347365169268606,3.5390403425553814,0.5797910515276261,5245910818,3878,0,0.0
4648,4,edge_100,True,2.6960217303234066,0.029526930246340562,3.5390403425553814,0.7617945740558388,5245910818,3878,0,0.0
4648,5,cloud,True,1.4581082309968292,0.029463033698414614,3.5390403425553814,0.4120066712616209,5245910818,3878,0,0.0
4649,0,local,True,0.04,0.003999999999999999,0.11999999999534339,0.33333333334626836,40000000,49,0,0.0
4649,1,edge_25,True,0.06024187453612402,0.003083371065586555,0.11999999999534339,0.5020156211538476,40000000,49,0,0.0
4649,2,edge_50,True,0.050241874536124026,0.0021661915698352333,0.11999999999534339,0.41868228781728056,40000000,49,0,0.0
4649,3,edge_75,True,0.04574395540298302,0.001251040433429499,0.11999999999534339,0.3811996283729843,40000000,49,0,0.0
4649,4,edge_100,True,0.031246541207949438,0.0003309425601530151,0.11999999999534339,0.260387843409683,40000000,49,0,0.0
4649,5,cloud,False,0.3586620234996514,0.00033101174982569733,0.11999999999534339,2.988850195946411,40000000,49,0,0.0
1450,0,local,False,3.380009781,0.33800097809999996,1.0291389612248167,3.284308444582959,3380009781,2662,3,0.0
1450,1,edge_25,False,2.56500733575,0.2616584271831753,1.0291389612248167,2.4923819157495397,3380009781,2662,3,0.0
1450,2,edge_50,False,1.7200048905,0.1845635932296786,1.0291389612248167,1.6713048046038,3380009781,2662,3,0.0
1450,3,edge_75,False,1.34558560208275,0.10854121162887488,1.0291389612248167,1.3074867950595497,3380009781,2662,3,0.0
1450,4,edge_100,False,1.76355206631151,0.031523587905755,1.0291389612248167,1.7136189890358837,3380009781,2662,3,0.0
1450,5,cloud,False,1.0908879757969023,0.03244300979845122,1.0291389612248167,1.060000657732942,3380009781,2662,3,0.0
1451,0,local,False,5.221204987,0.5221204987,4.030651261971798,1.2953750269245032,5221204987,3597,0,0.0
1451,1,edge_25,True,3.94590374025,0.4001347090297722,4.030651261971798,0.9789742361187707,5221204987,3597,0,0.0
1451,2,edge_50,True,2.6406024935,0.2783799108542253,4.030651261971798,0.6551304793876449,5221204987,3597,0,0.0
1451,3,edge_75,True,2.038849156871749,0.15597876804837457,4.030651261971798,0.5058361600537831,5221204987,3597,0,0.0
1451,4,edge_100,True,2.691037103110241,0.03496730480512038,4.030651261971798,0.6676432487472963,5221204987,3597,0,0.0
1451,5,cloud,True,1.4637303280749752,0.034744665337487636,4.030651261971798,0.3631498318608981,5221204987,3597,0,0.0
1452,0,local,True,0.04,0.003999999999999999,0.11999999999534339,0.33333333334626836,40000000,49,0,0.0
1452,1,edge_25,True,0.040802816,0.0031154992030671133,0.11999999999534339,0.34002346667986133,40000000,49,0,0.0
1452,2,edge_50,True,0.030802816,0.0022311934342633647,0.11999999999534339,0.2566901333432942,40000000,49,0,0.0
1452,3,edge_75,True,0.026517625651918092,0.0013574048259590464,0.11999999999534339,0.22098021377455926,40000000,49,0,0.0
1452,4,edge_100,True,0.024714882950210987,0.0004669486751054942,0.11999999999534339,0.2059573579264171,40000000,49,0,0.0
1452,5,cloud,False,0.3589564088778845,0.00047820443894224884,0.11999999999534339,2.991303407431782,40000000,49,0,0.0
1453,0,local,False,1.063571742,0.10635717419999999,0.47507254470838234,2.2387564885545235,1063571742,2271,3,0.0
1453,1,edge_25,False,0.8276788065,0.08523560080612781,0.47507254470838234,1.7422156167918752,1063571742,2271,3,0.0
1453,2,edge_50,False,0.561785871,0.06403818767905171,0.47507254470838234,1.182526494653244,1063571742,2271,3,0.0
1453,3,edge_75,True,0.4617283670319563,0.04303377544097814,0.47507254470838234,0.9719112842342484,1063571742,2271,3,0.0
1453,4,edge_100,False,0.5858869303301187,0.021800529665059402,0.47507254470838234,1.233257818950069,1063571742,2271,3,0.0
1453,5,cloud,False,0.6071135471458129,0.02219959937290643,0.47507254470838234,1.2779386093938188,1063571742,2271,3,0.0
1454,0,local,False,1.263619662,0.12636196619999998,0.7058127720956691,1.7903043299260717,1263619662,2271,3,0.0
1454,1,edge_25,False,0.9777147465,0.10008356192276761,0.7058127720956691,1.3852324372042903,1263619662,2271,3,0.0
1454,2,edge_50,True,0.661809831,0.07393773519290356,0.7058127720956691,0.9376563547227724,1263619662,2271,3,0.0
1454,3,edge_75,True,0.536880649717584,0.04810212978379198,0.7058127720956691,0.7606559004642278,1263619662,2271,3,0.0
1454,4,edge_100,True,0.6866237492087286,0.022156959104364327,0.7058127720956691,0.9728128709969852,1263619662,2271,3,0.0
1454,5,cloud,True,0.6454953395435772,0.02138570357178856,0.7058127720956691,0.9145418800328592,1263619662,2271,3,0.0
1455,0,local,False,1.066660405,0.10666604049999999,0.6639901141752489,1.606440189738236,1066660405,1031,1,0.0
1455,1,edge_25,False,0.82688720775,0.08533045424228303,0.6639901141752489,1.2453306007079454,1066660405,1031,1,0.0
1455,2,edge_50,True,0.5602221064999999,0.06379292467295218,0.6639901141752489,0.8437205532733862,1066660405,1031,1,0.0
1455,3,edge_75,True,0.4585535523980426,0.04249850838652126,0.6639901141752489,0.6906029812923016,1066660405,1031,1,0.0
1455,4,edge_100,True,0.5835577473584583,0.020407689229229208,0.6639901141752489,0.8788651139532451,1066660405,1031,1,0.0
1455,5,cloud,True,0.6045082004438327,0.020588059721916366,0.6639901141752489,0.910417470890663,1066660405,1031,1,0.0
1456,0,local,False,0.89605105,0.08960510499999999,0.377390653884504,2.374332911472222,896051050,355,2,0.0
1456,1,edge_25,False,0.6878546075,0.07148075563235662,0.377390653884504,1.822659359525395,896051050,355,2,0.0
1456,2,edge_50,False,0.463841845,0.05413461047287665,0.377390653884504,1.2290761316573393,896051050,355,2,0.0
1456,3,edge_75,False,0.3809858963225705,0.03697649253628525,0.377390653884504,1.009526580483805,896051050,355,2,0.0
1456,4,edge_100,False,0.49411831782651383,0.020278540413256902,0.377390653884504,1.3093019467772324,896051050,355,2,0.0
1456,5,cloud,False,0.565632434792507,0.018211112396253535,0.377390653884504,1.4987982054415483,896051050,355,2,0.0
1457,0,local,False,1.512666907,0.15126669069999998,0.7779572323197499,1.944408823720885,1512666907,2271,3,0.0
1457,1,edge_25,False,1.1645001802500001,0.11872214239061094,0.7779572323197499,1.4968691489346246,1512666907,2271,3,0.0
1457,2,edge_50,False,0.7863334535000001,0.0861293527925335,0.7779572323197499,1.0107669430044035,1512666907,2271,3,0.0
1457,3,edge_75,True,0.6285981946861048,0.05349072495555235,0.7779572323197499,0.8080112486540176,1512666907,2271,3,0.0
1457,4,edge_100,False,0.8080591943824305,0.020612870441215257,0.7779572323197499,1.0386935949845484,1512666907,2271,3,0.0
1457,5,cloud,True,0.6944828824683025,0.020974750534151262,0.7779572323197499,0.892700592804389,1512666907,2271,3,0.0
1458,0,local,False,1.569863772,0.1569863772,0.5805830354220234,2.703943581229294,1569863772,1755,3,0.0
1458,1,edge_25,False,1.207397829,0.1228791434421306,0.5805830354220234,2.0796298812319716,1569863772,1755,3,0.0
1458,2,edge_50,False,0.814931886,0.08907838312670785,0.5805830354220234,1.403643985924648,1569863772,1755,3,0.0
1458,3,edge_75,False,0.6507509880494193,0.055272631074709665,0.5805830354220234,1.12085773842219,1569863772,1755,3,0.0
1458,4,edge_100,False,0.8378294223923188,0.02119876819615943,0.5805830354220234,1.443082851677373,1569863772,1755,3,0.0
1458,5,cloud,False,0.7068243791746436,0.021425812387321833,0.5805830354220234,1.2174389123527454,1569863772,1755,3,0.0
1459,0,local,False,1.588412234,0.15884122339999998,0.8091822396381758,1.9629845493275473,1588412234,2028,3,0.0
1459,1,edge_25,False,1.2213091755,0.12590248360132328,0.8091822396381758,1.5093128786985068,1588412234,2028,3,0.0
1459,2,edge_50,False,0.824206117,0.09292174688794187,0.8091822396381758,1.0185667413666197,1588412234,2028,3,0.0
1459,3,edge_75,True,0.6649986877276691,0.05938235583883454,0.8091822396381758,0.8218157235198611,1588412234,2028,3,0.0
1459,4,edge_100,False,0.8576857417161283,0.026489812358064205,0.8091822396381758,1.0599413824253492,1588412234,2028,3,0.0
1459,5,cloud,True,0.7201387420999479,0.02622814764997393,0.8091822396381758,0.8899586605138002,1588412234,2028,3,0.0
1460,0,local,False,1.564651517,0.1564651517,0.9618860866758041,1.6266494948557801,1564651517,2893,3,0.0
1460,1,edge_25,False,1.2205556054285551,0.12245865551000042,0.9618860866758041,1.2689190771504875,1564651517,2893,3,0.0
1460,2,edge_50,True,0.8293927261785552,0.08824870791188147,0.9618860866758041,0.8622567034365425,1564651517,2893,3,0.0
1460,3,edge_75,True,0.6647055000451019,0.05456339467077337,0.9618860866758041,0.6910438868517863,1564651517,2893,3,0.0
1460,4,edge_100,True,0.8398449492943765,0.02052287605344113,0.9618860866758041,0.8731230869518122,1564651517,2893,3,0.0
1460,5,cloud,True,0.7040275661659543,0.020548631382977158,0.9618860866758041,0.7319240562040077,1564651517,2893,3,0.0
1461,0,local,False,3.347265705,0.3347265705,1.2455567313008942,2.6873651122289886,3347265705,2662,3,0.0
1461,1,edge_25,False,2.5404492787499997,0.2578312840115642,1.2455567313008942,2.039609449259436,3347265705,2662,3,0.0
1461,2,edge_50,False,1.7036328525,0.1811486723642286,1.2455567313008942,1.3677681712021887,3347265705,2662,3,0.0
1461,3,edge_75,False,1.326578469695947,0.10435855778547354,1.2455567313008942,1.065048613490637,3347265705,2662,3,0.0
1461,4,edge_100,False,1.7393890616724341,0.027628104586217145,1.2455567313008942,1.3964751809062665,3347265705,2662,3,0.0
1461,5,cloud,True,1.0741824717679893,0.027364665383994683,1.2455567313008942,0.8624115182983944,3347265705,2662,3,0.0
1462,0,local,False,1.217153532,0.12171535319999999,0.6294910226133652,1.9335518510604375,1217153532,2271,3,0.0
1462,1,edge_25,False,0.9428651490000001,0.09813266775274382,0.6294910226133652,1.4978214384784165,1217153532,2271,3,0.0
1462,2,edge_50,False,0.638576766,0.07386615132961294,0.6294910226133652,1.014433475713307,1217153532,2271,3,0.0
1462,3,edge_75,True,0.5271964195980146,0.05081076084900728,0.6294910226133652,0.8374963274445612,1217153532,2271,3,0.0
1462,4,edge_100,False,0.6715080816510332,0.026215657825516624,0.6294910226133652,1.0667476699877814,1217153532,2271,3,0.0
1462,5,cloud,False,0.6483676363502916,0.0274684649751458,0.6294910226133652,1.0299871055484782,1217153532,2271,3,0.0
1463,0,local,True,0.04,0.003999999999999999,0.11999999999534339,0.33333333334626836,40000000,106,0,0.0
1463,1,edge_25,True,0.041736704,0.0032331124811615735,0.11999999999534339,0.34780586668016333,40000000,106,0,0.0
1463,2,edge_50,True,0.031736704000000004,0.0024579418163755717,0.11999999999534339,0.26447253334359627,40000000,106,0,0.0
1463,3,edge_75,True,0.028123587855661,0.001693441927830499,0.11999999999534339,0.2343632321396028,40000000,106,0,0.0
1463,4,edge_100,True,0.025970568426782956,0.0009313610133914778,0.11999999999534339,0.2164214035649229,40000000,106,0,0.0
1463,5,cloud,False,0.3598422604838073,0.0009211302419036481,0.11999999999534339,2.9986855041480918,40000000,106,0,0.0
1464,0,local,True,0.04,0.003999999999999999,0.11999999999534339,0.33333333334626836,40000000,106,0,0.0
1464,1,edge_25,True,0.041736704,0.00329803455765054,0.11999999999534339,0.34780586668016333,40000000,106,0,0.0
1464,2,edge_50,True,0.031736704000000004,0.002611874879112944,0.11999999999534339,0.26447253334359627,40000000,106,0,0.0
1464,3,edge_75,True,0.028559857156787213,0.001911576578393606,0.11999999999534339,0.237998809649129,40000000,106,0,0.0
1464,4,edge_100,True,0.02655723220631294,0.0012246929031564685,0.11999999999534339,0.22131026839452914,40000000,106,0,0.0
1464,5,cloud,False,0.36043685011458804,0.0012184250572940384,0.11999999999534339,3.0036404177381235,40000000,106,0,0.0
1465,0,local,False,0.790585872,0.07905858719999999,0.49265647516585886,1.604740649625765,790585872,646,0,0.0
1465,1,edge_25,False,0.613523468,0.06116607390927236,0.49265647516585886,1.2453372662836713,790585872,646,0,0.0
1465,2,edge_50,True,0.415877,0.04310217204651446,0.49265647516585886,0.8441521038772298,790585872,646,0,0.0
1465,3,edge_75,True,0.32789943926109,0.025187483430544985,0.49265647516585886,0.6655741998533534,790585872,646,0,0.0
1465,4,edge_100,True,0.4172155385997001,0.007359090099850067,0.49265647516585886,0.8468690855209796,790585872,646,0,0.0
1465,5,cloud,False,0.522544083213607,0.007213454406803545,0.49265647516585886,1.0606662239396856,790585872,646,0,0.0
1466,0,local,False,0.784192208,0.0784192208,0.4032498057349585,1.9446809318872211,784192208,646,2,0.0
1466,1,edge_25,False,0.60872822,0.06061399235941055,0.4032498057349585,1.5095561395015156,784192208,646,2,0.0
1466,2,edge_50,False,0.412680168,0.042883180655092105,0.4032498057349585,1.0233859065297102,784192208,646,2,0.0
1466,3,edge_75,True,0.32560541952074595,0.02507944396037297,0.4032498057349585,0.8074533822212294,784192208,646,2,0.0
1466,4,edge_100,False,0.413758742846073,0.00722910822303649,0.4032498057349585,1.0260606129541985,784192208,646,2,0.0
1466,5,cloud,False,0.5216844452528555,0.007423001826427751,0.4032498057349585,1.2937004254770548,784192208,646,2,0.0
1467,0,local,False,1.019815327,0.10198153269999999,0.5608441669610329,1.8183577312142327,1019815327,2271,3,0.0
1467,1,edge_25,False,0.79486149525,0.08861388692632394,0.5608441669610329,1.4172590927654714,1019815327,2271,3,0.0
1467,2,edge_50,True,0.5399076635000001,0.07476940753094256,0.5608441669610329,0.9626696599619133,1019815327,2271,3,0.0
1467,3,edge_75,True,0.4838062823424687,0.06118315053373434,0.5608441669610329,0.8626394118779936,1019815327,2271,3,0.0
1467,4,edge_100,False,0.6182164036310611,0.048904370065530556,0.5608441669610329,1.1022962171130406,1019815327,2271,3,0.0
1467,5,cloud,False,0.651280106671885,0.04865852063594247,0.5608441669610329,1.1612496751118666,1019815327,2271,3,0.0
1468,0,local,False,0.793178356,0.0793178356,0.40548742917599156,1.956110840752454,793178356,646,2,0.0
1468,1,edge_25,False,0.615467831,0.06099928946993048,0.40548742917599156,1.5178468843059294,793178356,646,2,0.0
1468,2,edge_50,False,0.417173242,0.04282133760322457,0.40548742917599156,1.0288191741178159,793178356,646,2,0.0
1468,3,edge_75,True,0.3271862350092755,0.024409602654637763,0.40548742917599156,0.8068961241885223,793178356,646,2,0.0
1468,4,edge_100,False,0.4160602261255812,0.0061333128627905865,0.40548742917599156,1.0260742903203561,793178356,646,2,0.0
1468,5,cloud,False,0.5207785582587574,0.006071443529378723,0.40548742917599156,1.284327258472732,793178356,646,2,0.0
1469,0,local,False,0.806486118,0.08064861179999999,0.46545940451323986,1.732666931165336,806486118,646,1,0.0
1469,1,edge_25,False,0.6254486525,0.06219555694909972,0.46545940451323986,1.343723311711944,806486118,646,1,0.0
1469,2,edge_50,True,0.42382712300000003,0.04379263177002845,0.46545940451323986,0.91055657892061,806486118,646,1,0.0
1469,3,edge_75,True,0.33323717542292053,0.025272561536460243,0.46545940451323986,0.7159317701860758,806486118,646,1,0.0
1469,4,edge_100,True,0.42460969117599306,0.007081104887996512,0.46545940451323986,0.9122378601846794,806486118,646,1,0.0
1469,5,cloud,False,0.5252086503830125,0.006955713391506239,0.46545940451323986,1.1283661803595013,806486118,646,1,0.0
1470,0,local,False,1.536701142,0.15367011419999999,0.8932655015960336,1.7203184711088855,1536701142,2662,3,0.0
1470,1,edge_25,False,1.201123666320883,0.1197426771291596,0.8932655015960336,1.3446435177164986,1536701142,2662,3,0.0
1470,2,edge_50,True,0.8169483808208832,0.08590652754592576,0.8932655015960336,0.9145638999392772,1536701142,2662,3,0.0
1470,3,edge_75,True,0.652244582596812,0.05210945081296437,0.8932655015960336,0.7301799760893264,1536701142,2662,3,0.0
1470,4,edge_100,True,0.8223123516437979,0.01847627360324439,0.8932655015960336,0.9205688008487277,1536701142,2662,3,0.0
1470,5,cloud,True,0.693908332031395,0.01828405181569751,0.8932655015960336,0.7768220431568901,1536701142,2662,3,0.0
1471,0,local,False,1.097058191,0.10970581909999999,0.4884635600610636,2.245936607559538,1097058191,646,2,0.0
1471,1,edge_25,False,0.84337770725,0.0840360683366301,0.4884635600610636,1.7265928847273029,1097058191,646,2,0.0
1471,2,edge_50,False,0.5691131595,0.05835010041752777,0.4884635600610636,1.1651087328374183,1097058191,646,2,0.0
1471,3,edge_75,True,0.44200662543873054,0.032439324681865236,0.4884635600610636,0.9048917085718218,1097058191,646,2,0.0
1471,4,edge_100,False,0.5692688748114144,0.006767678455707232,0.4884635600610636,1.1654275187697711,1097058191,646,2,0.0
1471,5,cloud,False,0.5829524170393148,0.006770389419657411,0.4884635600610636,1.1934409538481006,1097058191,646,2,0.0
1472,0,local,True,0.04,0.003999999999999999,0.11999999999534339,0.33333333334626836,40000000,49,0,0.0
1472,1,edge_25,True,0.05643046846313146,0.0030861488279047083,0.11999999999534339,0.47025390387767707,40000000,49,0,0.0
1472,2,edge_50,True,0.046430468463131466,0.002176252260746273,0.11999999999534339,0.38692057054111006,40000000,49,0,0.0
1472,3,edge_75,True,0.04195926632642673,0.0012643989316476333,0.11999999999534339,0.3496605527337914,40000000,49,0,0.0
1472,4,edge_100,True,0.029954607108045497,0.0003519715729747434,0.11999999999534339,0.24962172591006573,40000000,49,0,0.0
1472,5,cloud,False,0.35870151570800335,0.0003507578540016754,0.11999999999534339,2.98917929768269,40000000,49,0,0.0
1473,0,local,False,0.952437702,0.0952437702,0.4244753310922533,2.243799891855204,952437702,646,2,0.0
1473,1,edge_25,False,0.7455312524922404,0.07267073068551407,0.4244753310922533,1.7563594345373403,952437702,646,2,0.0
1473,2,edge_50,False,0.5074218269922404,0.05009143023913432,0.4244753310922533,1.1954094615735393,952437702,646,2,0.0
1473,3,edge_75,True,0.3957865630782046,0.02752066696798211,0.4244753310922533,0.9324135799830175,952437702,646,2,0.0
1473,4,edge_100,False,0.4970347727921171,0.004947440097416485,0.4244753310922533,1.1709391250444519,952437702,646,2,0.0
1473,5,cloud,False,0.5504036645613322,0.004958062080666078,0.4244753310922533,1.2966682024725489,952437702,646,2,0.0
1474,0,local,False,1.339696393,0.1339696393,0.662658148794435,2.0217006241261677,1339696393,2893,3,0.0
1474,1,edge_25,False,1.03477229475,0.10753383633114862,0.662658148794435,1.5615476797992256,1339696393,2893,3,0.0
1474,2,edge_50,False,0.6998481965000001,0.08075170221167718,0.662658148794435,1.056122523767684,1339696393,2893,3,0.0
1474,3,edge_75,True,0.5735919396271004,0.05409530595105019,0.662658148794435,0.8655925240950081,1339696393,2893,3,0.0
1474,4,edge_100,False,0.7365620151119715,0.02810690930598577,0.662658148794435,1.1115263827238657,1339696393,2893,3,0.0
1474,5,cloud,False,0.6728402047035124,0.027450463051756187,0.662658148794435,1.015365473023461,1339696393,2893,3,0.0
1475,0,local,False,1.173343217,0.1173343217,0.5916779116378166,1.9830776067879272,1173343217,2271,3,0.0
1475,1,edge_25,False,0.913586776758418,0.09263792001187017,0.5916779116378166,1.544060981133349,1173343217,2271,3,0.0
1475,2,edge_50,False,0.620250972508418,0.06791455100874197,0.5916779116378166,1.0482915794363672,1173343217,2271,3,0.0
1475,3,edge_75,True,0.500851440906879,0.042967765686730525,0.5916779116378166,0.8464933894869899,1173343217,2271,3,0.0
1475,4,edge_100,False,0.6349516077284725,0.018263610912763097,0.5916779116378166,1.0731372512637332,1173343217,2271,3,0.0
1475,5,cloud,False,0.6212343376975408,0.018282847148770393,0.5916779116378166,1.049953573520954,1173343217,2271,3,0.0
1476,0,local,False,0.697258964,0.06972589639999999,0.5241371928132139,1.330298581288585,697258964,1031,1,0.0
1476,1,edge_25,False,0.549836127,0.054643861078735055,0.5241371928132139,1.0490309303349596,697258964,1031,1,0.0
1476,2,edge_50,True,0.375521386,0.039587219624456715,0.5241371928132139,0.7164562850128136,697258964,1031,1,0.0
1476,3,edge_75,True,0.3024140995326546,0.024456516116327272,0.5241371928132139,0.576975081484869,697258964,1031,1,0.0
1476,4,edge_100,True,0.3771662620074567,0.009562306803728363,0.5241371928132139,0.719594539710268,697258964,1031,1,0.0
1476,5,cloud,True,0.5086799319807066,0.009614069590353318,0.5241371928132139,0.9705091318752955,697258964,1031,1,0.0
1477,0,local,False,1.532702041,0.15327020409999997,0.7490560309379362,2.0461780930871294,1532702041,2271,3,0.0
1477,1,edge_25,False,1.17952653075,0.146964658226911,0.7490560309379362,1.574683978277362,1532702041,2271,3,0.0
1477,2,edge_50,False,0.7963510205000001,0.13673945666073303,0.7490560309379362,1.0631394550055797,1532702041,2271,3,0.0
1477,3,edge_75,False,0.801325408907035,0.13659862279101748,0.7490560309379362,1.0697803312572616,1532702041,2271,3,0.0
1477,4,edge_100,False,1.0182022769375623,0.12067562821878117,0.7490560309379362,1.3593139029434322,1532702041,2271,3,0.0
1477,5,cloud,False,0.8920003313373894,0.11772996156869472,0.7490560309379362,1.1908325872771688,1532702041,2271,3,0.0
1478,0,local,False,0.994663236,0.09946632359999999,0.4297788664698601,2.3143605086262533,994663236,646,3,0.0
1478,1,edge_25,False,0.7795343690991406,0.07579691962479354,0.4297788664698601,1.8138033996462424,994663236,646,3,0.0
1478,2,edge_50,False,0.5308685600991406,0.05212177871745847,0.4297788664698601,1.235213272489679,994663236,646,3,0.0
1478,3,edge_75,True,0.41368025494350136,0.02843888057218037,0.4297788664698601,0.9625421052957063,994663236,646,3,0.0
1478,4,edge_100,False,0.5187604370950639,0.004845444680182372,0.4297788664698601,1.2070403585827412,994663236,646,3,0.0
1478,5,cloud,False,0.5586407162819162,0.004854034540958115,0.4297788664698601,1.2998329137737932,994663236,646,3,0.0
1479,0,local,False,1.161825122,0.11618251219999999,0.6986589772859588,1.6629359383790883,1161825122,1031,1,0.0
1479,1,edge_25,False,0.8982607455,0.09021733440001928,0.6986589772859588,1.2856926980161665,1161825122,1031,1,0.0
1479,2,edge_50,True,0.607804465,0.06421557799511711,0.6986589772859588,0.8699587134213944,1161825122,1031,1,0.0
1479,3,edge_75,True,0.481147205037915,0.0383310681939575,0.6986589772859588,0.6886724720936106,1161825122,1031,1,0.0
1479,4,edge_100,True,0.6150017018212437,0.012338487210621857,0.6986589772859588,0.8802602153776169,1161825122,1031,1,0.0
1479,5,cloud,True,0.6070175705759134,0.012326273087956727,0.6986589772859588,0.8688324208385046,1161825122,1031,1,0.0
1480,0,local,False,1.002997503,0.10029975029999999,0.5648518739035353,1.7756823502568226,1002997503,646,0,0.0
1480,1,edge_25,False,0.77283219125,0.0766174823154091,0.5648518739035353,1.3682032882517856,1002997503,646,0,0.0
1480,2,edge_50,True,0.5220828155,0.05303686153677385,0.5648518739035353,0.92428270068758,1002997503,646,0,0.0
1480,3,edge_75,True,0.4053883238399611,0.029415035682480536,0.5648518739035353,0.7176896148691768,1002997503,646,0,0.0
1480,4,edge_100,True,0.5202185805331924,0.005757703316596202,0.5648518739035353,0.9209823045077383,1002997503,646,0,0.0
1480,5,cloud,True,0.5620003259160578,0.005700412658028891,0.5648518739035353,0.9949516888954067,1002997503,646,0,0.0
1481,0,local,False,0.795841726,0.07958417259999999,0.4208106775768101,1.891210866090098,795841726,646,1,0.0
1481,1,edge_25,False,0.6174653585000001,0.061346989522991724,0.4208106775768101,1.4673234102699182,795841726,646,1,0.0
1481,2,edge_50,True,0.418504927,0.04303771302830989,0.4208106775768101,0.9945206937473937,795841726,646,1,0.0
1481,3,edge_75,True,0.3288817892534399,0.02482458215171994,0.4208106775768101,0.7815433561412174,795841726,646,1,0.0
1481,4,edge_100,True,0.41846905225552755,0.006671883427763756,0.4208106775768101,0.9944354422402812,795841726,646,1,0.0
1481,5,cloud,False,0.522255684787988,0.0065436697939940235,0.4208106775768101,1.2410704210153063,795841726,646,1,0.0
1482,0,local,True,0.089228758,0.008922875799999999,0.11999999999534339,0.7435729833621878,89228758,106,0,0.0
1482,1,edge_25,True,0.0786582725,0.007005592162483261,0.11999999999534339,0.6554856041921029,89228758,106,0,0.0
1482,2,edge_50,True,0.056351083,0.005083558545268333,0.11999999999534339,0.46959235835155594,89228758,106,0,0.0
1482,3,edge_75,True,0.047002989822269754,0.0031334697361348764,0.11999999999534339,0.39169158186744757,89228758,106,0,0.0
1482,4,edge_100,True,0.05121126708005859,0.001244520840029295,0.11999999999534339,0.42676055901704874,89228758,106,0,0.0
1482,5,cloud,False,0.3703529518054152,0.0012536001027076092,0.11999999999534339,3.0862745984982234,89228758,106,0,0.0
1483,0,local,False,1.055889199,0.1055889199,0.6845375174889341,1.5424855059417089,1055889199,1031,0,0.0
1483,1,edge_25,False,0.8344364557131314,0.08101527751195282,0.6845375174889341,1.21897841154721,1055889199,1031,0,0.0
1483,2,edge_50,True,0.5704641559631314,0.0565247545451406,0.6845375174889341,0.8333570350617827,1055889199,1031,0,0.0
1483,3,edge_75,True,0.44959480993622314,0.031955631899045864,0.6845375174889341,0.6567862220108207,1055889199,1031,0,0.0
1483,4,edge_100,True,0.5577081148985703,0.007440835318237185,0.6845375174889341,0.814722496064777,1055889199,1031,0,0.0
1483,5,cloud,True,0.5759376435096999,0.007379901854849949,0.6845375174889341,0.8413529263120486,1055889199,1031,0,0.0
1484,0,local,False,0.986658007,0.09866580069999999,0.4207209020969458,2.345160418896056,986658007,646,3,0.0
1484,1,edge_25,False,0.76057756925,0.07540401602021328,0.4207209020969458,1.8077960126514983,986658007,646,3,0.0
1484,2,edge_50,False,0.5139130675,0.05220172042608001,0.4207209020969458,1.2215059079274844,986658007,646,3,0.0
1484,3,edge_75,True,0.39934669316738886,0.029049388446194417,0.4207209020969458,0.949196227658231,986658007,646,3,0.0
1484,4,edge_100,False,0.5122214745891992,0.00584402434459961,0.4207209020969458,1.2174852070248916,986658007,646,3,0.0
1484,5,cloud,False,0.5586679396091487,0.005668169104574394,0.4207209020969458,1.3278825388152835,986658007,646,3,0.0
1485,0,local,False,0.821799219,0.0821799219,0.49842410220298916,1.648795103141526,821799219,646,0,0.0
1485,1,edge_25,False,0.63693347825,0.06322538650927377,0.49842410220298916,1.2778946191301985,821799219,646,0,0.0
1485,2,edge_50,True,0.4314836735,0.044183404115734105,0.49842410220298916,0.8656958433448171,821799219,646,0,0.0
1485,3,edge_75,True,0.3383057552629288,0.025318472543964368,0.49842410220298916,0.6787507942887355,821799219,646,0,0.0
1485,4,edge_100,True,0.43064347326006597,0.006269720680032979,0.49842410220298916,0.8640101298405535,821799219,646,0,0.0
1485,5,cloud,False,0.5267919272714973,0.006216041735748666,0.49842410220298916,1.056915034692594,821799219,646,0,0.0
1486,0,local,False,1.490204639,0.14902046389999998,0.8089245747542009,1.8422046820036495,1490204639,2271,3,0.0
1486,1,edge_25,False,1.1582723912422404,0.11609798230795328,0.8089245747542009,1.4318669841303708,1490204639,2271,3,0.0
1486,2,edge_50,True,0.7857212314922404,0.0829955265935711,0.8089245747542009,0.9713158136294585,1490204639,2271,3,0.0
1486,3,edge_75,True,0.6255774072961022,0.050320993814430955,0.8089245747542009,0.7733445451155809,1490204639,2271,3,0.0
1486,4,edge_100,True,0.794337616478835,0.017509338890775418,0.8089245747542009,0.9819674680055329,1490204639,2271,3,0.0
1486,5,cloud,True,0.6830291863833661,0.01749412929168304,0.8089245747542009,0.844366962878969,1490204639,2271,3,0.0
1487,0,local,False,0.982825323,0.09828253229999999,0.5733581364620477,1.7141560579651007,982825323,646,0,0.0
1487,1,edge_25,False,0.75770305625,0.07557796654807568,0.5733581364620477,1.3215179275652515,982825323,646,0,0.0
1487,2,edge_50,True,0.5119967255,0.05274123579369935,0.5733581364620477,0.8929789130739764,982825323,646,0,0.0
1487,3,edge_75,True,0.4000176743404133,0.030007690182706635,0.5733581364620477,0.6976750636325743,982825323,646,0,0.0
1487,4,edge_100,True,0.5135199707527206,0.007451443426360293,0.5733581364620477,0.8956356212566141,982825323,646,0,0.0
1487,5,cloud,True,0.5611655686330783,0.007300252016539176,0.5733581364620477,0.9787348132805709,982825323,646,0,0.0
1488,0,local,False,1.219515268,0.12195152679999999,0.5258984275278635,2.318917882551354,1219515268,2271,3,0.0
1488,1,edge_25,False,0.944636451,0.09703841322045198,0.5258984275278635,1.7962336480839747,1219515268,2271,3,0.0
1488,2,edge_50,False,0.6397576340000001,0.07183910915365747,0.5258984275278635,1.2165041774461363,1219515268,2271,3,0.0
1488,3,edge_75,True,0.5200401460732931,0.0468488419866465,0.5258984275278635,0.9888604316957003,1219515268,2271,3,0.0
1488,4,edge_100,False,0.6641717383513661,0.021957052175683035,0.5258984275278635,1.2629277890665997,1219515268,2271,3,0.0
1488,5,cloud,False,0.6367801513335765,0.021438548866788233,0.5258984275278635,1.21084247071615,1219515268,2271,3,0.0
1489,0,local,False,0.664891763,0.0664891763,0.3222462813137099,2.0633031366240075,664891763,646,3,0.0
1489,1,edge_25,False,0.51925288625,0.05184899302526314,0.3222462813137099,1.6113541609639312,664891763,646,3,0.0
1489,2,edge_50,False,0.3530299455,0.03713486190333333,0.3222462813137099,1.0955283768079294,664891763,646,3,0.0
1489,3,edge_75,True,0.28166627209453754,0.022496192559768778,0.3222462813137099,0.8740714429543182,664891763,646,3,0.0
1489,4,edge_100,False,0.35530695164071957,0.00782832387035978,0.3222462813137099,1.1025944199952606,664891763,646,3,0.0
1489,5,cloud,False,0.4982676278383412,0.007644637619170613,0.3222462813137099,1.5462323593216978,664891763,646,3,0.0
1490,0,local,False,1.000675233,0.10006752329999999,0.5778907876228914,1.7315992129173738,1000675233,646,0,0.0
1490,1,edge_25,False,0.77109048875,0.08371134455566924,0.5778907876228914,1.3343187073838303,1000675233,646,0,0.0
1490,2,edge_50,True,0.5209216805,0.06665493813245124,0.5778907876228914,0.9014189041544868,1000675233,646,0,0.0
1490,3,edge_75,True,0.4425475415836009,0.048372013429300434,0.5778907876228914,0.7657978826829644,1000675233,646,0,0.0
1490,4,edge_100,False,0.580610612929724,0.036534287014862034,0.5778907876228914,1.0047064693971337,1000675233,646,0,0.0
1490,5,cloud,False,0.6166097392005339,0.03323734630026692,0.5778907876228914,1.0670004651517457,1000675233,646,0,0.0
1491,0,local,False,1.463169188,0.14631691879999997,0.6294559686211869,2.324498076021184,1463169188,1755,3,0.0
1491,1,edge_25,False,1.127376891,0.11523085985983471,0.6294559686211869,1.79103376121685,1463169188,1755,3,0.0
1491,2,edge_50,False,0.761584594,0.08424752872434708,0.6294559686211869,1.209909242211554,1463169188,1755,3,0.0
1491,3,edge_75,True,0.6121145424636324,0.05329227818181622,0.6294559686211869,0.9724501362731683,1463169188,1755,3,0.0
1491,4,edge_100,False,0.7857667006178348,0.021841053308917422,0.6294559686211869,1.248326713525402,1463169188,1755,3,0.0
1491,5,cloud,False,0.6879499690941087,0.022658065747054323,0.6294559686211869,1.0929278669023537,1463169188,1755,3,0.0
1492,0,local,False,1.566118456,0.1566118456,0.7755697506363504,2.019313484976702,1566118456,2662,3,0.0
1492,1,edge_25,False,1.2279704256092885,0.12154349273850107,0.7755697506363504,1.5833139760824169,1566118456,2662,3,0.0
1492,2,edge_50,False,0.8364408116092885,0.08658984131333895,0.7755697506363504,1.0784856048382416,1566118456,2662,3,0.0
1492,3,edge_75,True,0.6655734752293051,0.05160169671000834,0.7755697506363504,0.8581735874603232,1566118456,2662,3,0.0
1492,4,edge_100,False,0.8348678932253446,0.016562555481046817,0.7755697506363504,1.0764575236983398,1566118456,2662,3,0.0
1492,5,cloud,True,0.6963534146576265,0.01656486172881327,0.7755697506363504,0.8978604620490583,1566118456,2662,3,0.0
1493,0,local,False,1.059218113,0.10592181129999999,0.5532527273753658,1.914528497717376,1059218113,646,1,0.0
1493,1,edge_25,False,0.8315352188631756,0.08057571381070015,0.5532527273753658,1.5029934381127836,1059218113,646,1,0.0
1493,2,edge_50,False,0.5667306906131756,0.05522994394259202,0.5532527273753658,1.0243613136834397,1059218113,646,1,0.0
1493,3,edge_75,True,0.4410887701980534,0.029860624679938934,0.5532527273753658,0.7972645201237076,1059218113,646,1,0.0
1493,4,edge_100,True,0.5516897190392137,0.004544045299801113,0.5532527273753658,0.9971748745938099,1059218113,646,1,0.0
1493,5,cloud,False,0.5710192065348919,0.004587791967445966,0.5532527273753658,1.0321127728439956,1059218113,646,1,0.0
1494,0,local,False,1.533414031,0.1533414031,0.6160426892456599,2.48913599295798,1533414031,2271,3,0.0
1494,1,edge_25,False,1.18006052325,0.1225701213807427,0.6160426892456599,1.9155499186184262,1533414031,2271,3,0.0
1494,2,edge_50,False,0.7967070155,0.09130110947476214,0.6160426892456599,1.293265920378931,1533414031,2271,3,0.0
1494,3,edge_75,False,0.6490658267293696,0.060353133327184776,0.6160426892456599,1.0536052745372992,1533414031,2271,3,0.0
1494,4,edge_100,False,0.8363434026543529,0.029568193577176494,0.6160426892456599,1.3576062458893066,1533414031,2271,3,0.0
1494,5,cloud,False,0.7145533100049971,0.02893525190249857,0.6160426892456599,1.159908757102471,1533414031,2271,3,0.0
1495,0,local,False,0.828941973,0.08289419729999999,0.5500465651857667,1.5070396316719883,828941973,1031,1,0.0
1495,1,edge_25,False,0.64859838375,0.06441357374029645,0.5500465651857667,1.1791699554217734,828941973,1031,1,0.0
1495,2,edge_50,True,0.44136289050000005,0.04597273329551023,0.5500465651857667,0.8024100475037763,828941973,1031,1,0.0
1495,3,edge_75,True,0.351472143932762,0.027587049353880982,0.5500465651857667,0.6389861625879978,828941973,1031,1,0.0
1495,4,edge_100,True,0.4421604270071914,0.009138637053595692,0.5500465651857667,0.8038599911224988,828941973,1031,1,0.0
1495,5,cloud,True,0.5340053695575524,0.009108487478776241,0.5500465651857667,0.9708366588512435,828941973,1031,1,0.0
1496,0,local,True,0.04,0.003999999999999999,0.11999999999534339,0.33333333334626836,40000000,49,0,0.0
1496,1,edge_25,True,0.057462053699077524,0.0030851304607296816,0.11999999999534339,0.47885044751089456,40000000,49,0,0.0
1496,2,edge_50,True,0.04746205369907752,0.002172502636384563,0.11999999999534339,0.39551711417432744,40000000,49,0,0.0
1496,3,edge_75,True,0.04297996900250301,0.0012589576517127435,0.11999999999534339,0.35816640836809044,40000000,49,0,0.0
1496,4,edge_100,True,0.030313842322988442,0.00035106176415565467,0.11999999999534339,0.25261535270137314,40000000,49,0,0.0
1496,5,cloud,False,0.3586961114793811,0.00034805573969055344,0.11999999999534339,2.9891342624441695,40000000,49,0,0.0
1497,0,local,False,1.631851715,0.16318517149999998,0.8837453717715107,1.8465179757930428,1631851715,2662,3,0.0
1497,1,edge_25,False,1.2678455870515268,0.1272362791970295,0.8837453717715107,1.4346276965615883,1631851715,2662,3,0.0
1497,2,edge_50,True,0.8598826583015269,0.0912056001230786,0.8837453717715107,0.9729982026133276,1631851715,2662,3,0.0
1497,3,edge_75,True,0.684618945238892,0.05515516853118252,0.8837453717715107,0.7746789596946233,1631851715,2662,3,0.0
1497,4,edge_100,True,0.8707299827281337,0.019709622473799662,0.8837453717715107,0.9852724670939017,1631851715,2662,3,0.0
1497,5,cloud,True,0.7151927902638253,0.01941122363191266,0.8837453717715107,0.8092747222315705,1631851715,2662,3,0.0
1498,0,local,True,0.093105796,0.009310579599999999,0.13085966667858884,0.7114934522084787,93105796,106,0,0.0
1498,1,edge_25,True,0.081566051,0.0072165784549849,0.13085966667858884,0.6233093287662009,93105796,106,0,0.0
1498,2,edge_50,True,0.058289602,0.00512996951400697,0.13085966667858884,0.4454359657140813,93105796,106,0,0.0
1498,3,edge_75,True,0.048041866611525944,0.0030228894557629703,0.13085966667858884,0.36712508774398794,93105796,106,0,0.0
1498,4,edge_100,True,0.0525366909189732,0.0009379732594865959,0.13085966667858884,0.4014735193236528,93105796,106,0,0.0
1498,5,cloud,False,0.3704999999850477,0.0009394203925238426,0.13085966667858884,2.8312772712087964,93105796,106,0,0.0
1499,0,local,True,0.04,0.003999999999999999,0.11999999999534339,0.33333333334626836,40000000,106,0,0.0
1499,1,edge_25,True,0.041736704,0.0033035878841713136,0.11999999999534339,0.34780586668016333,40000000,106,0,0.0
1499,2,edge_50,True,0.031736704000000004,0.00260415485277642,0.11999999999534339,0.26447253334359627,40000000,106,0,0.0
1499,3,edge_75,True,0.028543733025409666,0.0019035145127048328,0.11999999999534339,0.23786444188764425,40000000,106,0,0.0
1499,4,edge_100,True,0.026644121206702228,0.0012681374033511133,0.11999999999534339,0.2220343433978013,40000000,106,0,0.0
1499,5,cloud,False,0.36051980131991085,0.0012599006599554403,0.11999999999534339,3.004331677782507,40000000,106,0,0.0
