epoch,train_loss,train_accuracy,val_loss,val_accuracy
1,1.642802,0.553191,1.402768,0.59507
2,1.195565,0.603343,0.969292,0.59507
3,0.861267,0.603343,0.793091,0.59507
4,0.759531,0.603343,0.757211,0.59507
5,0.736643,0.603343,0.743986,0.59507
6,0.725821,0.603343,0.735065,0.59507
