teacher_policy,teacher_slug,pretrain_checkpoint_path,supervised_test_accuracy,scratch_success_mean,fine_tuned_success_mean,pretrained_only_success_mean,pretrained_only_success_std,pretrained_only_success_ci95,pretrained_only_reward_mean,pretrained_only_p95_mean,pretrained_only_energy_mean,pretrained_only_qoe_mean,delta_finetuned_minus_pretrained_only_points,delta_pretrained_only_minus_scratch_points,pretrained_only_action_local_rate,pretrained_only_action_edge_25_rate,pretrained_only_action_edge_50_rate,pretrained_only_action_edge_75_rate,pretrained_only_action_edge_100_rate,pretrained_only_action_cloud_rate,pretrained_only_dominant_action
teacher_latency_greedy,latency_greedy,models/ppo/teacher_policy_pretrained/latency_greedy/ppo_pretrained.zip,77.56,0.63,0.7733333333333334,0.7693333333333333,0.0041633319989322695,0.0047112536666062835,1347.8466666666666,2.2906666666666666,0.04786666666666667,65.48,0.40000000000001146,13.93333333333333,0.07066666666666667,0.03933333333333334,0.14133333333333334,0.13733333333333334,0.08066666666666666,0.5306666666666667,Full Cloud (53.1%)
teacher_contextual_reward_aligned,contextual_reward_aligned,models/ppo/teacher_policy_pretrained/contextual_reward_aligned/ppo_pretrained.zip,83.11,0.63,0.7520000000000001,0.7446666666666667,0.0070237691685684995,0.007948143039589682,1762.0833333333333,3.0246666666666666,0.07590000000000001,59.343333333333334,0.7333333333333414,11.466666666666669,0.042,0.002,0.03266666666666667,0.5866666666666666,0.02666666666666667,0.31,Edge %75 (58.7%)
teacher_balanced_semantic,balanced_semantic,models/ppo/teacher_policy_pretrained/balanced_semantic/ppo_pretrained.zip,83.56,0.63,0.7326666666666667,0.6786666666666666,0.0061101009266077925,0.00691423009291547,933.5833333333334,3.8138,0.09910000000000001,48.796666666666674,5.400000000000005,4.866666666666664,0.15066666666666667,0.056666666666666664,0.15133333333333332,0.2046666666666667,0.05666666666666667,0.38000000000000006,Full Cloud (38.0%)
teacher_energy_greedy,energy_greedy,models/ppo/teacher_policy_pretrained/energy_greedy/ppo_pretrained.zip,79.33,0.63,0.7213333333333333,0.684,0.0072111025509279236,0.008160130717907178,1022.6033333333334,3.4947666666666666,0.07883333333333332,50.92666666666667,3.733333333333322,5.400000000000005,0.11933333333333333,0.036,0.158,0.17333333333333334,0.15933333333333333,0.35400000000000004,Full Cloud (35.4%)
